Sample,Config,Label,id,Q0,Q1,Q2,Q3,Q4,Q5,Q6,Q7,Q8,Q9,Q10,Q11,Q12,Q13,Q14,Q15,Q16,Q17,Q18,Q19,Q20,Q21,Q22,Q23,Q24,Q25,Q26,Q27,Q28,Q29,Q30,Q31,Q32,Q33,Q34,Q35,Q36,Q37,Q38,Q39,Q40,Q41,Q42,Q43,Q44,Q45,Q46,Q47,Q48,Q49,Q50,Q51,Q52,Q53,Q54,Q55,Q56,Q57,Q58,Q59,Q60,Q61,Q62,Q63,Q64,Q65,Q66,Q67,Q68,Q69,Q70,Q71,Q72,Q73,Q74,Q75,Q76,Q77,Q78,Q79,Q80,Q81,Q82,Q83,Q84,Q85,Q86,Q87,Q88,Q89,Q90,R0,R1,R2,R3,R4,R5,R6,R7,R8,R9,R10,R11,R12,R13,R14,R15,R16,R17,R18,R19,R20,R21,R22,R23,R24,R25,R26,R27,R28,R29,R30,R31,R32,R33,R34,R35,R36,R37,R38,R39,R40,R41,R42,R43,R44,R45,R46,R47,R48,R49,R50,R51,R52,R53,R54,R55,R56,R57,R58,R59,R60,R61,R62,R63,R64,R65,R66,R67,R68,R69,R70,R71,R72,R73,R74,R75,R76,R77,R78,R79,R80,R81,R82,R83,R84,R85,R86,R87,R88,R89,R90,K0,K1,K2,K3,K4,K5,K6,K7,K8,K9,K10,K11,K12,K13,K14,K15,K16,K17,K18,K19,K20,K21,K22,K23,K24,K25,K26,K27,K28,K29,K30,K31,K32,K33,K34,K35,K36,K37,K38,K39,K40,K41,K42,K43,K44,K45,K46,K47,K48,K49,K50,K51,K52,K53,K54,K55,K56,K57,K58,K59,K60,K61,K62,K63,K64,K65,K66,K67,K68,K69,K70,K71,K72,K73,K74,K75,K76,K77,K78,K79,K80,K81,K82,K83,K84,K85,K86,K87,K88,K89,K90
HG02723,R9_Dorado0.4.1_FAST,0,0,0,0.001499056,0.007199262,0.015205067,0.02245691,0.025182156,0.025613185,0.0255165,0.025482705,0.025681609,0.026140159,0.026857116,0.027814675,0.028992707,0.030374541,0.03195862,0.033731465,0.035681555,0.037749089,0.039877072,0.042059493,0.044296231,0.046468599,0.048249772,0.049030812,0.048159541,0.045162868,0.040183873,0.03393652,0.027559842,0.021437716,0.016231784,0.012094901,0.008527703,0.005785397,0.003819255,0.002560747,0.001700763,0.001147668,0.000790035,0.000558269,0.000400738,0.000287745,0.000214663,1.60E-04,1.17E-04,8.15E-05,6.96E-05,4.79E-05,4.21E-05,0.005803767,0,0,0,0,0,0,0,0,0,0,0,0,0,0,0,0,0,0,0,0,0,0,0,0,0,0,0,0,0,0,0,0,0,0,0,0,0,0,0,0,0,0,0,0,0,0,0,0,0,0,0.213989105,0.267122617,0.291534077,0.180230411,0.042089299,0.004506553,4.02E-04,7.20E-05,1.99E-05,1.21E-05,9.68E-06,5.11E-06,3.76E-06,1.61E-06,1.08E-06,2.69E-07,2.69E-07,0,2.69E-07,0,0,0,0,0,0,0,0,0,0,0,0,0,0,0,0,0,0,0,0,0,0,0,0,0,0,0,0,0,0,0,0,0,0,0,0,0,0,0,0,0,0,0,0,0,0,0,0,0,0,0,0,0,0,0,0,0,0,0,0,0,0,8.72E-06,0.00033373,0.002989255,0.009200045,0.017328515,0.025424571,0.032524768,0.038646815,0.042368975,0.044692713,0.04587394,0.047062237,0.047117437,0.046160082,0.045280654,0.044792404,0.044636052,0.044690658,0.044792393,0.044796524,0.04468129,0.044454601,0.043939972,0.042663168,0.039926201,0.035129988,0.028362832,0.020700955,0.0136512,0.008231824,0.00462717,0.002466931,0.001271905,0.000632609,0.000296831,0.000131823,5.61E-05,2.39E-05,1.07E-05,4.93E-06,3.40E-06,1.33E-06,7.46E-07,4.58E-07,2.68E-07,2.13E-07,4.29E-08,3.43E-08,1.73E-08,7.51E-09,8.09E-06,0,0,0,0,0,0,0,0,0,0,0,0,0,0,0,0,0,0,0,0,0,0,0,0,0,0,0,0,0,0,0,0,0,0,0,0,0,0,0,0
HG02723,R9_Dorado0.4.1_HAC,1,0,0,3.45E-05,0.000913084,0.005604935,0.01329891,0.020566391,0.026441195,0.027258216,0.02628473,0.025247606,0.024575201,0.024276606,0.024293283,0.024585998,0.025124734,0.025880861,0.026830835,0.027961707,0.029274277,0.030765151,0.032445155,0.034322575,0.036402896,0.038712774,0.041362418,0.044486861,0.048070663,0.051466427,0.053093857,0.05096138,0.044459173,0.035231988,0.025871649,0.018004188,0.012091525,0.007850508,0.005087121,0.003279086,0.002093503,0.001340092,0.000861844,0.000578081,0.000384728,0.000265127,0.000189061,1.33E-04,9.76E-05,7.34E-05,5.32E-05,4.14E-05,0.001470837,0,0,0,0,0,0,0,0,0,0,0,0,0,0,0,0,0,0,0,0,0,0,0,0,0,0,0,0,0,0,0,0,0,0,0,0,0,0,0,0,0,0.00E+00,0,0,0,0,0,0,0,0,0.164147376,0.15325522,0.151281588,0.151081034,0.144669623,0.120678064,0.074361766,0.028750558,0.008110906,0.002244811,0.000805816,3.31E-04,1.40E-04,5.75E-05,3.00E-05,1.85E-05,1.14E-05,9.39E-06,8.10E-06,3.86E-06,1.42E-06,3.86E-07,3.86E-07,3.86E-07,3.86E-07,0,1.29E-07,0,0,0,0,0,0,0,0,0,0,0,0,0,0,0,0,0,0,0,0,0,0,0,0,0,0,0,0,0,0,0,0,0,0,0,0,0,0,0,0,0,0,0,0,0,0,0,0,0,0,0,0,0,0,9.48E-06,2.77E-05,0.000496131,0.0034988,0.009997918,0.017770967,0.025117324,0.031207136,0.036053141,0.038406685,0.03922701,0.039579968,0.038788828,0.038443313,0.037969407,0.037102307,0.036375587,0.036075886,0.036107679,0.036411237,0.036937815,0.037676982,0.038586965,0.039666466,0.040980251,0.042678193,0.044666112,0.045769496,0.04342096,0.03576604,0.024887262,0.014930556,0.008021742,0.003951085,0.001826113,0.00079978,0.00035527,0.000157404,6.45E-05,3.17E-05,1.90E-05,1.48E-05,8.71E-06,7.92E-06,5.71E-06,5.40E-06,1.77E-06,1.81E-06,9.78E-07,2.08E-07,9.26E-05,0,0,0,0,0,0,0,0,0,0,0,0,0,0,0,0,0,0,0,0,0,0,0,0,0,0,0,0,0,0,0,0,0,0,0,0,0,0,0,0
HG02723,R9_Dorado0.4.1_SUP,2,0,0,3.46E-05,0.000492094,0.00383176,0.01021324,0.016598169,0.022029627,0.025560345,0.02477098,0.023399418,0.022377074,0.021826831,0.021680303,0.021849936,0.022284528,0.022954262,0.023823325,0.024870695,0.026104762,0.027563654,0.02931833,0.031383857,0.033909664,0.036827399,0.040279395,0.044595657,0.05024247,0.05726562,0.063769389,0.065373288,0.058781519,0.045775104,0.031636534,0.02003895,0.011974994,0.00686368,0.003874539,0.00216685,0.001272263,0.000758356,0.0004524,0.000283165,0.000177171,0.000116775,7.98E-05,5.42E-05,3.89E-05,2.75E-05,1.99E-05,1.58E-05,0.000360927,0,0,0,0,0,0,0,0,0,0,0,0,0,0,0,0,0,0,0,0,0,0,0,0,0,0,0,0,0,0,0,0,0,0,0,0,0,0,0,0,0,0,0,0,0,0,0,0,0,0,0.066715514,0.094240441,0.135620215,0.175081955,0.188253179,0.162834418,0.105638674,0.04810836,0.016040051,0.005008666,0.001585533,0.000497354,0.000186941,8.02E-05,3.79E-05,2.37E-05,1.49E-05,9.47E-06,6.72E-06,5.02E-06,3.21E-06,1.76E-06,1.34E-06,1.29E-06,4.14E-07,4.66E-07,2.07E-07,4.66E-07,3.10E-07,2.59E-07,3.10E-07,1.03E-07,2.59E-07,1.03E-07,1.03E-07,5.17E-08,5.17E-08,5.17E-08,5.17E-08,0,0,0,0,0,0,0,0,0,0,0,0,0,0,0,0,0,0,0,0,0,0,0,0,0,0,0,0,0,0,0,0,0,0,0,0,0,0,0,0,0,0,1.84E-05,4.15E-05,0.000460335,0.003206022,0.008676556,0.014797229,0.020641184,0.025741301,0.029669044,0.032056319,0.033465916,0.033762261,0.033939861,0.033515688,0.033833699,0.034002738,0.033632486,0.033533168,0.033694597,0.034242635,0.035130764,0.036505162,0.038273397,0.040494726,0.043281325,0.046740204,0.051051264,0.055642172,0.057170779,0.049906948,0.035007297,0.020188237,0.010052595,0.00450431,0.001849233,0.00071938,0.000260945,0.000102799,4.88E-05,2.16E-05,1.29E-05,9.44E-06,7.16E-06,5.47E-06,4.19E-06,4.19E-06,1.96E-06,2.02E-06,1.43E-06,5.06E-07,6.78E-05,0,0,0,0,0,0,0,0,0,0,0,0,0,0,0,0,0,0,0,0,0,0,0,0,0,0,0,0,0,0,0,0,0,0,0,0,0,0,0,0
,,,,,,,,,,,,,,,,,,,,,,,,,,,,,,,,,,,,,,,,,,,,,,,,,,,,,,,,,,,,,,,,,,,,,,,,,,,,,,,,,,,,,,,,,,,,,,,,,,,,,,,,,,,,,,,,,,,,,,,,,,,,,,,,,,,,,,,,,,,,,,,,,,,,,,,,,,,,,,,,,,,,,,,,,,,,,,,,,,,,,,,,,,,,,,,,,,,,,,,,,,,,,,,,,,,,,,,,,,,,,,,,,,,,,,,,,,,,,,,,,,,,,,,,,,,,,,,,,,,,,,,,,,,,,,,,,,,,
MM_SRR15959871,R9_Dorado0.4.1_FAST,0,1,0,0.001551447,0.00735862,0.015374136,0.022600783,0.025306339,0.025670142,0.025475875,0.025333358,0.025423372,0.025770496,0.026379988,0.027218491,0.028268374,0.029509874,0.030935212,0.032528356,0.034317905,0.036312009,0.038530253,0.040987924,0.043633591,0.046308464,0.048667614,0.050073813,0.049832451,0.047333182,0.042535513,0.03606106,0.029109058,0.022344045,0.01663426,0.012197737,0.00851666,0.005698289,0.003703621,0.002443084,0.001590812,0.001055615,0.000718066,0.000503999,0.000357777,0.000255551,0.000190504,1.41E-04,1.04E-04,7.20E-05,6.12E-05,4.22E-05,3.70E-05,0.004925488,0,0,0,0,0,0,0,0,0,0,0,0,0,0,0,0,0,0,0,0,0,0,0,0,0,0,0,0,0,0,0,0,0,0,0,0,0,0,0,0.00E+00,0,0.00E+00,0,0,0,0,0,0,0,0,0.241617663,0.255423345,0.244242845,0.17138695,0.068926408,1.56E-02,2.43E-03,3.17E-04,4.20E-05,9.21E-06,7.36E-06,5.16E-06,5.89E-06,1.47E-06,1.47E-06,2.21E-06,3.68E-07,3.68E-07,3.68E-07,7.36E-07,0.00E+00,3.68E-07,0,0,0,0,0,0,0,0,0,0,0,0,0,0,0,0,0,0,0,0,0,0,0,0,0,0,0,0,0,0,0,0,0,0,0,0,0,0,0,0,0,0,0,0,0,0,0,0,0,0,0,0,0,0,0,0,0,0,0,5.60E-06,0.000323433,0.003093677,0.009508434,0.017576687,0.025384111,0.032207978,0.03823885,0.041941201,0.044303933,0.045515597,0.046711892,0.046760595,0.045753234,0.044756788,0.044133391,0.043817164,0.043742407,0.04385286,0.044096729,0.044397627,0.044623387,0.044526168,0.043642967,0.041271048,0.036706091,0.0298846,0.021844208,0.014254713,0.00836109,0.004484545,0.002244617,0.001078401,0.000504796,0.000233136,0.000105676,4.74E-05,2.12E-05,1.06E-05,5.47E-06,4.63E-06,1.94E-06,1.32E-06,9.00E-07,6.02E-07,5.63E-07,1.07E-07,9.58E-08,4.46E-08,2.03E-08,1.75E-05,0,0,0,0,0,0,0,0,0,0,0,0,0,0,0,0,0,0,0,0,0,0,0,0,0,0,0,0,0,0,0,0,0,0,0,0,0,0,0,0
MM_SRR15959871,R9_Dorado0.4.1_HAC,1,1,0,4.22E-05,0.001076021,0.00629997,0.014091486,0.020866147,0.026113722,0.026607778,0.025443842,0.024255126,0.023437525,0.022973757,0.022795467,0.022873249,0.02318228,0.023693192,0.02440781,0.025324946,0.026457104,0.027829539,0.029481464,0.031460881,0.033822147,0.036669142,0.040203594,0.044689393,0.050229559,0.056177144,0.060466823,0.060017131,0.053066564,0.041275996,0.028563807,0.018080979,0.010879502,0.006363081,0.003834943,0.002310471,0.001397419,0.00085873,0.000536212,0.000347288,0.00022728,0.000156051,1.08E-04,7.66E-05,5.61E-05,4.13E-05,3.03E-05,2.36E-05,0.000776861,0,0,0,0,0,0,0,0,0,0,0,0,0,0,0,0,0,0,0,0,0,0,0,0,0,0,0,0,0,0,0,0,0,0,0,0,0,0,0,0,0,0.00E+00,0,0,0,0,0,0,0,0,0.126390104,0.131388571,0.141439507,0.148341392,0.146033386,0.129376259,0.094734037,0.052055847,0.020565112,0.006915386,0.002027805,0.000534728,1.24E-04,3.45E-05,1.39E-05,6.64E-06,5.75E-06,3.32E-06,3.10E-06,1.99E-06,1.55E-06,4.43E-07,6.64E-07,1.11E-06,0,2.21E-07,0,0,0,2.21E-07,0,0,0,0,0,0,0,0,0,0,0,0,0,0,0,0,0,0,0,0,0,0,0,0,0,0,0,0,0,0,0,0,0,0,0,0,0,0,0,0,0,0,0,0,0,0,0,0,0,0,0,1.54E-05,2.97E-05,0.000573549,0.004104874,0.011100182,0.018647862,0.025246235,0.030450003,0.034488128,0.036459118,0.037135596,0.037434573,0.036606644,0.036200534,0.035686104,0.03473505,0.033878566,0.033465272,0.033429865,0.03375391,0.034443523,0.035545449,0.037087471,0.039134292,0.041774636,0.045146383,0.049165713,0.052554557,0.051904261,0.043657684,0.029546808,0.015869487,0.00689631,0.002509459,0.000803209,0.000250255,9.69E-05,4.75E-05,2.43E-05,1.60E-05,1.18E-05,9.26E-06,5.73E-06,4.21E-06,2.62E-06,2.37E-06,9.34E-07,9.11E-07,5.25E-07,7.73E-08,4.62E-05,0,0,0,0,0,0,0,0,0,0,0,0,0,0,0,0,0,0,0,0,0,0,0,0,0,0,0,0,0,0,0,0,0,0,0,0,0,0,0,0
MM_SRR15959871,R9_Dorado0.4.1_SUP,2,1,0,5.79E-05,0.000673207,0.004978339,0.012197239,0.01853722,0.023410035,0.026331686,0.0251327,0.023437454,0.022123282,0.02128166,0.020827258,0.020654973,0.020710452,0.020973101,0.021436603,0.022116576,0.023035382,0.024247334,0.025820484,0.027834574,0.030359138,0.033463192,0.03735,0.042531607,0.049901938,0.059961012,0.070624875,0.07575099,0.069459639,0.052940153,0.033926213,0.018851692,0.009513783,0.004588687,0.002213436,0.001093068,0.000597771,0.000335028,0.000191009,1.12E-04,6.84E-05,4.44E-05,2.92E-05,1.97E-05,1.35E-05,9.57E-06,6.81E-06,5.08E-06,0.000221126,0,0,0,0,0,0,0,0,0,0,0,0,0,0,0,0,0,0,0,0,0,0,0,0,0,0,0,0,0,0,0,0,0,0,0,0,0,0,0,0,0,0.00E+00,0,0,0,0,0,0,0,0,0.103342014,0.109929652,0.120131635,0.130140513,0.137585587,0.134881912,0.115898706,0.080433349,0.042081536,0.016928479,0.005935858,0.001854943,0.000529319,0.000151407,6.25E-05,3.70E-05,2.17E-05,1.64E-05,1.42E-05,6.27E-06,5.26E-06,3.85E-06,2.43E-06,1.01E-06,1.01E-06,1.62E-06,0,1.01E-06,2.02E-07,2.02E-07,2.02E-07,0,0,0,0,0,2.02E-07,0,0,0,0,0,0,0,0,0,0,0,0,0,0,0,0,0,0,0,0,0,0,0,0,0,0,0,0,0,0,0,0,0,0,0,0,0,0,0,0,0,0,0,0,3.98E-05,4.62E-05,0.000621264,0.004296424,0.010863623,0.017232595,0.02264574,0.026953105,0.030049179,0.031860452,0.032809201,0.03273641,0.032553084,0.031766331,0.031679885,0.031474723,0.030777948,0.03035045,0.030304831,0.03067562,0.031456435,0.032784704,0.034746803,0.037486864,0.0411479,0.045992431,0.052613109,0.06097106,0.066892792,0.060820107,0.041843915,0.021357914,0.008266084,0.002602911,0.000725397,0.000221656,7.37E-05,4.60E-05,3.36E-05,1.88E-05,1.22E-05,9.75E-06,7.60E-06,6.02E-06,4.80E-06,4.95E-06,2.37E-06,2.47E-06,1.76E-06,6.39E-07,0.000108338,0,0,0,0,0,0,0,0,0,0,0,0,0,0,0,0,0,0,0,0,0,0,0,0,0,0,0,0,0,0,0,0,0,0,0,0,0,0,0,0
,,,,,,,,,,,,,,,,,,,,,,,,,,,,,,,,,,,,,,,,,,,,,,,,,,,,,,,,,,,,,,,,,,,,,,,,,,,,,,,,,,,,,,,,,,,,,,,,,,,,,,,,,,,,,,,,,,,,,,,,,,,,,,,,,,,,,,,,,,,,,,,,,,,,,,,,,,,,,,,,,,,,,,,,,,,,,,,,,,,,,,,,,,,,,,,,,,,,,,,,,,,,,,,,,,,,,,,,,,,,,,,,,,,,,,,,,,,,,,,,,,,,,,,,,,,,,,,,,,,,,,,,,,,,,,,,,,,,
DM_FromKimGoogleDrive,R9_Dorado0.4.1_FAST,0,2,0,0.002337845,0.009736101,0.018835445,0.026259188,0.028112025,0.027631409,0.026829174,0.026283966,0.02608236,0.026209227,0.026645721,0.027360753,0.028313055,0.029500233,0.030901152,0.032518109,0.03435698,0.036417762,0.038707391,0.041158049,0.043661484,0.045928572,0.047560561,0.047970224,0.04673392,0.043583768,0.038759534,0.032871912,0.026844822,0.020997038,0.015995682,0.012040427,0.008514031,0.005796065,0.003834617,0.002580945,0.001722621,0.001166607,0.000805699,0.000573085,0.000410735,0.000296081,0.000221344,0.000165181,1.21E-04,8.47E-05,7.24E-05,4.98E-05,4.36E-05,0.006397263,0,0,0,0,0,0,0,0,0,0,0,0,0,0,0,0,0,0,0,0,0,0,0,0,0,0,0,0,0,0,0,0,0,0,0,0,0,0,0,0,0,0.00E+00,0,0,0,0,0,0,0,0,0.338650623,0.331818305,0.213783969,0.082643246,0.027238867,0.005017448,0.000650912,1.36E-04,4.29E-05,1.58E-05,2.26E-06,0,0,0,0,0,0,0,0,0,0,0,0,0,0,0,0,0,0,0,0,0,0,0,0,0,0,0,0,0,0,0,0,0,0,0,0,0,0,0,0,0,0,0,0,0,0,0,0,0,0,0,0,0,0,0,0,0,0,0,0,0,0,0,0,0,0,0,0,0,0,1.09E-05,0.000813101,0.005282705,0.012791941,0.021150041,0.029118259,0.036016466,0.041800232,0.044748931,0.046125683,0.046279126,0.046790431,0.046455856,0.045218588,0.044128636,0.043478861,0.043151415,0.043080108,0.043178274,0.043356387,0.043497868,0.043421446,0.042799877,0.041182735,0.038030972,0.03303956,0.026513909,0.019406357,0.012913562,0.007826192,0.004331486,0.002196421,0.001032546,0.000459164,0.0001985,8.67E-05,3.87E-05,1.81E-05,9.11E-06,4.90E-06,3.70E-06,1.60E-06,9.90E-07,6.48E-07,3.74E-07,3.60E-07,7.60E-08,7.07E-08,4.18E-08,2.18E-08,8.04E-06,0,0,0,0,0,0,0,0,0,0,0,0,0,0,0,0,0,0,0,0,0,0,0,0,0,0,0,0,0,0,0,0,0,0,0,0,0,0,0,0
DM_FromKimGoogleDrive,R9_Dorado0.4.1_HAC,1,2,0,7.55E-05,0.002272541,0.009883028,0.018612641,0.025019435,0.029487,0.029090718,0.02740279,0.025918092,0.024933417,0.024387034,0.02419023,0.024273399,0.024607877,0.025164681,0.025918551,0.026873156,0.028045116,0.029458765,0.031172406,0.033285824,0.035896369,0.039103825,0.042869136,0.046800712,0.050052661,0.051418113,0.049937816,0.045461563,0.038812001,0.031251371,0.023898259,0.01737109,0.012090634,0.00806516,0.005352547,0.003487715,0.002239651,0.001436778,0.00092967,0.000621801,0.000415422,0.000289808,0.000205148,0.000146711,1.08E-04,8.03E-05,5.91E-05,4.63E-05,0.001479813,0,0,0,0,0,0,0,0,0,0,0,0,0,0,0,0,0,0,0,0,0,0,0,0,0,0,0,0,0,0,0,0,0,0,0,0,0,0,0,0,0,0,0.00E+00,0,0,0,0,0,0,0,0.155471524,0.199345246,0.221526176,0.193326521,0.124962983,0.060836471,0.028544604,0.011524906,0.00301343,0.000907934,0.000315662,0.000175729,3.91E-05,6.51E-06,1.63E-06,1.63E-06,0,0,0,0,0,0,0,0,0,0,0,0,0,0,0,0,0,0,0,0,0,0,0,0,0,0,0,0,0,0,0,0,0,0,0,0,0,0,0,0,0,0,0,0,0,0,0,0,0,0,0,0,0,0,0,0,0,0,0,0,0,0,0,0,0,8.75E-06,7.08E-05,0.001738147,0.007588043,0.015458667,0.022926445,0.029310169,0.034289005,0.037976179,0.039551506,0.039861954,0.039926835,0.038962113,0.038489056,0.037893716,0.036849427,0.035908649,0.035373276,0.035194776,0.035325186,0.035792894,0.036619693,0.037855369,0.039553938,0.041666,0.043697343,0.044496042,0.042544168,0.037070022,0.029013491,0.020494356,0.013201818,0.007782066,0.004156521,0.00197912,0.000833112,0.000317617,0.000114865,4.01E-05,1.61E-05,7.86E-06,5.03E-06,2.90E-06,2.21E-06,1.40E-06,1.38E-06,5.37E-07,5.43E-07,3.06E-07,5.08E-08,3.04E-05,0,0,0,0,0,0,0,0,0,0,0,0,0,0,0,0,0,0,0,0,0,0,0,0,0,0,0,0,0,0,0,0,0,0,0,0,0,0,0,0
DM_FromKimGoogleDrive,R9_Dorado0.4.1_SUP,2,2,0,5.51E-05,0.001494187,0.008040868,0.016538234,0.022910152,0.027472763,0.029918445,0.028256249,0.026265322,0.024759444,0.023800712,0.023268545,0.023043382,0.023061027,0.023304569,0.023748199,0.024369719,0.025166274,0.026137635,0.02732735,0.028772419,0.030589419,0.03288955,0.035721103,0.039028681,0.042533678,0.045725112,0.047872663,0.048272707,0.046436479,0.042291997,0.036378447,0.029381819,0.022203502,0.015601237,0.010246074,0.006367261,0.003862081,0.002311906,0.001388532,0.000851046,0.000529387,0.000346211,0.000230366,0.00015588,1.09E-04,7.83E-05,5.58E-05,4.30E-05,0.000788287,0,0,0,0,0,0,0,0,0,0,0,0,0,0,0,0,0,0,0,0,0,0,0,0,0,0,0,0,0,0,0,0,0,0,0,0,0,0,0,0,0,0.00E+00,0.00E+00,0,0,0,0,0,0,0,0.132609561,0.17378894,0.203042507,0.197050159,0.148110326,0.082183651,0.037364235,0.01771361,0.006420041,0.001372956,0.000266533,4.65E-05,1.55E-05,9.30E-06,3.10E-06,1.55E-06,0,0,0,0,0,0,0,0,0,0,0,0,0,0,0,0,0,0,0,0,0,0,1.55E-06,0,0,0,0,0,0,0,0,0,0,0,0,0,0,0,0,0,0,0,0,0,0,0,0,0,0,0,0,0,0,0,0,0,0,0,0,0,0,0,0,0,0,1.94E-05,9.54E-05,0.001614802,0.007159249,0.014669778,0.021497506,0.027240878,0.031742999,0.034816042,0.036430137,0.03713821,0.03682447,0.036393401,0.035490298,0.035294594,0.03489433,0.03391535,0.033148547,0.032672211,0.032485715,0.032549281,0.032935383,0.033671767,0.034842734,0.036462085,0.038344816,0.040033695,0.040852911,0.040100188,0.037209622,0.032380894,0.026292453,0.019755751,0.013637363,0.008530097,0.004771912,0.002347563,0.001017733,0.00038939,0.000133363,4.49E-05,1.73E-05,8.90E-06,6.11E-06,4.87E-06,5.46E-06,2.77E-06,3.03E-06,2.24E-06,7.83E-07,0.000101292,0,0,0,0,0,0,0,0,0,0,0,0,0,0,0,0,0,0,0,0,0,0,0,0,0,0,0,0,0,0,0,0,0,0,0,0,0,0,0,0
,,,,,,,,,,,,,,,,,,,,,,,,,,,,,,,,,,,,,,,,,,,,,,,,,,,,,,,,,,,,,,,,,,,,,,,,,,,,,,,,,,,,,,,,,,,,,,,,,,,,,,,,,,,,,,,,,,,,,,,,,,,,,,,,,,,,,,,,,,,,,,,,,,,,,,,,,,,,,,,,,,,,,,,,,,,,,,,,,,,,,,,,,,,,,,,,,,,,,,,,,,,,,,,,,,,,,,,,,,,,,,,,,,,,,,,,,,,,,,,,,,,,,,,,,,,,,,,,,,,,,,,,,,,,,,,,,,,,
AT_SRR16149191,R9_Dorado0.4.1_FAST,0,3,0,0.002223401,0.010686935,0.022470665,0.032481714,0.03540167,0.035153827,0.034263919,0.033509408,0.033059388,0.032927377,0.033076238,0.033468492,0.034041535,0.034751962,0.035562737,0.036434164,0.037344076,0.038248065,0.039080953,0.039772895,0.040227634,0.040289559,0.039773196,0.038445416,0.036205647,0.032981188,0.028972587,0.024550827,0.020230453,0.016047838,0.012342005,0.009369326,0.006686686,0.004582063,0.003069072,0.002092642,0.001412242,0.000966809,0.000672915,0.00048201,0.000347448,0.000252107,0.000188063,0.000141072,0.000103414,7.27E-05,6.22E-05,4.30E-05,3.72E-05,0.005393258,0,0,0,0,0,0,0,0,0,0,0,0,0,0,0,0,0,0,0,0,0,0,0,0,0,0,0,0,0,0,0,0,0,0,0,0,0,0,0,0,0,0,0,0,0,0,0,0,0,0,0.727183657,0.228979659,0.039336141,0.004128405,0.000324167,3.49E-05,4.36E-06,2.91E-06,2.91E-06,1.45E-06,0,1.45E-06,0,0,0,0,0,0,0,0,0,0,0,0,0,0,0,0,0,0,0,0,0,0,0,0,0,0,0,0,0,0,0,0,0,0,0,0,0,0,0,0,0,0,0,0,0,0,0,0,0,0,0,0,0,0,0,0,0,0,0,0,0,0,0,0,0,0,0,0,0,4.45E-06,0.000501131,0.004444303,0.013558249,0.025712944,0.037829645,0.04803573,0.055878061,0.059027231,0.059455184,0.058291333,0.05713615,0.054810093,0.051640382,0.0486811,0.046160127,0.043968111,0.041978801,0.04006067,0.038091063,0.035954227,0.033559024,0.030795417,0.027579726,0.02385323,0.019661205,0.015237456,0.010978549,0.007310502,0.004494197,0.002566581,0.00137226,0.000699472,0.000343351,0.000164611,7.89E-05,3.81E-05,1.86E-05,9.53E-06,5.05E-06,3.69E-06,1.51E-06,8.84E-07,5.47E-07,2.94E-07,2.83E-07,6.10E-08,5.96E-08,3.50E-08,1.74E-08,7.94E-06,0,0,0,0,0,0,0,0,0,0,0,0,0,0,0,0,0,0,0,0,0,0,0,0,0,0,0,0,0,0,0,0,0,0,0,0,0,0,0,0
AT_SRR16149191,R9_Dorado0.4.1_HAC,1,3,0,4.07E-05,0.001743143,0.010151556,0.022688585,0.033512682,0.040910888,0.040674495,0.038288099,0.03601625,0.034337801,0.033203094,0.032504347,0.032152042,0.032077619,0.032228305,0.032565005,0.033059628,0.033694599,0.034445609,0.035314499,0.036273722,0.037266245,0.038175942,0.038803002,0.038847394,0.038006581,0.036026664,0.03285496,0.02864364,0.023715344,0.018558625,0.013760903,0.009696904,0.006586443,0.0043106,0.002815502,0.001810034,0.00116149,0.000747415,0.000486569,0.000327001,0.000220171,0.000155,0.000109917,7.88E-05,5.85E-05,4.34E-05,3.20E-05,2.52E-05,0.000793069,0,0,0,0,0,0,0,0,0,0,0,0,0,0,0,0,0,0,0,0,0,0,0,0,0,0,0,0,0,0,0,0,0,0,0,0,0,0,0,0,0,0,0,0,0,0,0,0,0,0,0.333070409,0.325286585,0.220323477,0.091820277,0.02445545,0.004317062,0.000610743,9.63E-05,1.16E-05,5.04E-07,1.01E-06,1.51E-06,0,2.02E-06,1.51E-06,0,5.04E-07,5.04E-07,5.04E-07,0,0,0,0,0,0,0,0,0,0,0,0,0,0,0,0,0,0,0,0,0,0,0,0,0,0,0,0,0,0,0,0,0,0,0,0,0,0,0,0,0,0,0,0,0,0,0,0,0,0,0,0,0,0,0,0,0,0,0,0,0,0,7.42E-06,3.31E-05,0.001044912,0.006737815,0.017696837,0.03005607,0.041235011,0.049808383,0.055398707,0.056698421,0.055664399,0.053816046,0.051019984,0.048706559,0.046146315,0.043346041,0.040864352,0.038893373,0.037310264,0.036016533,0.034919976,0.033953316,0.03301054,0.031960726,0.030598262,0.028623973,0.025772636,0.021978712,0.017469671,0.012732617,0.008406897,0.005002338,0.002691609,0.001317652,0.00059068,0.000245308,0.000101224,4.28E-05,1.76E-05,8.82E-06,5.36E-06,4.14E-06,2.51E-06,2.02E-06,1.25E-06,1.25E-06,4.54E-07,4.78E-07,2.92E-07,4.97E-08,3.64E-05,0,0,0,0,0,0,0,0,0,0,0,0,0,0,0,0,0,0,0,0,0,0,0,0,0,0,0,0,0,0,0,0,0,0,0,0,0,0,0,0
AT_SRR16149191,R9_Dorado0.4.1_SUP,2,3,0,3.09E-05,0.000877583,0.007300909,0.01897713,0.029760269,0.037821024,0.041540642,0.038975262,0.035898164,0.033469598,0.031778966,0.030653264,0.029948958,0.029580211,0.029489087,0.02962193,0.029957048,0.030487534,0.031233459,0.0322403,0.033546216,0.035123653,0.036854548,0.038497056,0.039749589,0.040336161,0.040060722,0.038603537,0.035586307,0.030779588,0.024724052,0.018549092,0.013169649,0.008971405,0.005862428,0.003684293,0.002256069,0.00136513,0.000822138,0.000503893,0.000313954,0.000198558,0.000131826,8.87E-05,6.09E-05,4.26E-05,3.10E-05,2.24E-05,1.71E-05,0.000405221,0,0,0,0,0,0,0,0,0,0,0,0,0,0,0,0,0,0,0,0,0,0,0,0,0,0,0,0,0,0,0,0,0,0,0,0,0,0,0,0,0,0,0,0,0,0,0,0,0,0,0.244009968,0.264380123,0.247919552,0.164573878,0.06204896,0.014166276,0.002434428,0.000373099,6.06E-05,9.73E-06,1.33E-06,2.65E-06,3.09E-06,4.86E-06,4.42E-06,1.77E-06,3.09E-06,1.33E-06,8.84E-07,0,0,0,0,0,0,0,0,0,0,0,0,0,0,0,0,0,0,0,0,0,0,0,0,0,0,0,0,0,0,0,0,0,0,0,0,0,0,0,0,0,0,0,0,0,0,0,0,0,0,0,0,0,0,0,0,0,0,0,0,0,0,1.72E-05,4.08E-05,0.000887351,0.006277766,0.01662945,0.02764681,0.037405285,0.04487753,0.049364469,0.0507795,0.050473341,0.048737317,0.046805001,0.044478695,0.042886307,0.041062129,0.038949639,0.037255177,0.035964349,0.035061989,0.034472363,0.034217163,0.034186671,0.034216474,0.033977892,0.033058963,0.031192069,0.028355784,0.024525874,0.0195565,0.014066561,0.009244992,0.00574705,0.003468826,0.002002109,0.001071535,0.000518621,0.000230163,9.50E-05,3.76E-05,1.68E-05,9.38E-06,6.30E-06,4.89E-06,4.10E-06,4.64E-06,2.46E-06,2.65E-06,1.99E-06,6.86E-07,0.00010393,0,0,0,0,0,0,0,0,0,0,0,0,0,0,0,0,0,0,0,0,0,0,0,0,0,0,0,0,0,0,0,0,0,0,0,0,0,0,0,0
,,,,,,,,,,,,,,,,,,,,,,,,,,,,,,,,,,,,,,,,,,,,,,,,,,,,,,,,,,,,,,,,,,,,,,,,,,,,,,,,,,,,,,,,,,,,,,,,,,,,,,,,,,,,,,,,,,,,,,,,,,,,,,,,,,,,,,,,,,,,,,,,,,,,,,,,,,,,,,,,,,,,,,,,,,,,,,,,,,,,,,,,,,,,,,,,,,,,,,,,,,,,,,,,,,,,,,,,,,,,,,,,,,,,,,,,,,,,,,,,,,,,,,,,,,,,,,,,,,,,,,,,,,,,,,,,,,,,
SCW303,R9_Dorado0.4.1_FAST,0,4,0,0.001729093,0.007640382,0.015357546,0.022240148,0.024340468,0.024249342,0.02377586,0.023464037,0.023427714,0.023665901,0.02419606,0.024981923,0.026006847,0.027274776,0.028779292,0.030545308,0.032618215,0.03500536,0.037754009,0.040808498,0.044081587,0.047245758,0.049855624,0.051227237,0.050832445,0.048254877,0.043656543,0.037645957,0.031256364,0.024823859,0.019159418,0.014561394,0.010372729,0.007082134,0.004685378,0.003143586,0.00208899,0.00140552,0.000967667,0.000685951,0.000489459,0.00035244,0.000262831,0.000195596,0.000144135,1.00E-04,8.54E-05,5.88E-05,5.18E-05,0.007365329,0,0,0,0,0,0,0,0,0,0,0,0,0,0,0,0,0,0,0,0,0,0,0,0,0,0,0,0,0,0,0,0,0,0,0,0,0,0,0,0,0,0,0,0,0,0,0,0,0,0,0.193598934,0.238263788,0.271374957,0.209277105,0.073438054,0.012313683,0.001468761,0.000222022,4.27E-05,0,0,0,0,0,0,0,0,0,0,0,0,0,0,0,0,0,0,0,0,0,0,0,0,0,0,0,0,0,0,0,0,0,0,0,0,0,0,0,0,0,0,0,0,0,0,0,0,0,0,0,0,0,0,0,0,0,0,0,0,0,0,0,0,0,0,0,0,0,0,0,0,8.26E-06,0.000474496,0.003627227,0.009779222,0.017079791,0.024150539,0.030485135,0.036262975,0.039571473,0.04157092,0.042412924,0.043641178,0.043996043,0.043266773,0.042591554,0.042320104,0.042431484,0.042878256,0.043635088,0.044628532,0.045754593,0.046861398,0.047507692,0.047060395,0.04471385,0.039833958,0.032660044,0.024286531,0.016298961,0.009871046,0.005419078,0.002713988,0.001254713,0.000543213,0.000225142,9.28E-05,3.85E-05,1.66E-05,7.78E-06,3.94E-06,3.15E-06,1.32E-06,7.68E-07,5.12E-07,3.06E-07,2.67E-07,6.49E-08,4.34E-08,2.15E-08,7.93E-09,1.74E-05,0,0,0,0,0,0,0,0,0,0,0,0,0,0,0,0,0,0,0,0,0,0,0,0,0,0,0,0,0,0,0,0,0,0,0,0,0,0,0,0
SCW303,R9_Dorado0.4.1_HAC,1,4,0,5.63E-05,0.001279904,0.006396891,0.013285223,0.019002511,0.023572898,0.023728976,0.022535712,0.021414089,0.020659166,0.020246399,0.020128143,0.020252196,0.020609284,0.021174239,0.021957871,0.022975747,0.024268226,0.025935818,0.028090113,0.030937061,0.03471888,0.039607853,0.045484422,0.051717719,0.057049124,0.059929792,0.059299185,0.055110058,0.048277118,0.039905896,0.03104239,0.022615628,0.015591746,0.010249945,0.006739351,0.004350984,0.00276248,0.001751865,0.001121106,0.000740706,0.000491984,0.000341454,0.000240908,0.000171305,0.000126281,9.37E-05,6.88E-05,5.37E-05,0.001838895,0,0,0,0,0,0,0,0,0,0,0,0,0,0,0,0,0,0,0,0,0,0,0,0,0,0,0,0,0,0,0,0,0,0,0,0,0,0,0,0,0,0,0,0,0,0,0,0,0,0,0.087849413,0.108775709,0.13034142,0.151373716,0.172799234,0.170255253,0.117525773,0.046485784,0.011540237,0.002485853,0.00045819,7.52E-05,3.08E-05,3.42E-06,0,0,0,0,0,0,0,0,0,0,0,0,0,0,0,0,0,0,0,0,0,0,0,0,0,0,0,0,0,0,0,0,0,0,0,0,0,0,0,0,0,0,0,0,0,0,0,0,0,0,0,0,0,0,0,0,0,0,0,0,0,0,0,0,0,0,0,1.65E-05,4.48E-05,0.000832618,0.00448443,0.010577754,0.01681184,0.022299206,0.026811878,0.030527994,0.032417501,0.033116639,0.033747201,0.033174918,0.033065663,0.032997276,0.03247127,0.031989269,0.031925293,0.032259527,0.033037876,0.03433899,0.03632006,0.039194441,0.043229254,0.048395729,0.053827508,0.057520979,0.056977743,0.050942308,0.040547407,0.028760807,0.01822045,0.010282561,0.005128132,0.002238647,0.000860128,0.000306953,0.00010949,3.92E-05,1.90E-05,1.19E-05,9.48E-06,5.86E-06,4.75E-06,3.13E-06,3.16E-06,1.21E-06,1.30E-06,7.36E-07,1.29E-07,8.90E-05,0,0,0,0,0,0,0,0,0,0,0,0,0,0,0,0,0,0,0,0,0,0,0,0,0,0,0,0,0,0,0,0,0,0,0,0,0,0,0,0
SCW303,R9_Dorado0.4.1_SUP,2,4,0,6.84E-05,0.000794805,0.004903456,0.011357717,0.016963226,0.021418228,0.024256698,0.023140493,0.021608953,0.0204319,0.019688961,0.019301686,0.019183621,0.019280533,0.019590024,0.020099449,0.02082719,0.021814825,0.023158763,0.025019704,0.027647814,0.031334144,0.036285512,0.042295739,0.048735866,0.054462128,0.058249146,0.059198978,0.057126163,0.052454129,0.045917988,0.038362108,0.030366253,0.022570109,0.015601152,0.010073562,0.006160723,0.003704104,0.0021902,0.001299071,0.000786538,0.000483865,0.00031378,0.000206909,0.000139355,9.59E-05,6.91E-05,4.89E-05,3.74E-05,0.00087482,0,0,0,0,0,0,0,0,0,0,0,0,0,0,0,0,0,0,0,0,0,0,0,0,0,0,0,0,0,0,0,0,0,0,0,0,0,0,0,0,0,0,0.00E+00,0,0,0,0,0,0,0,0.074838225,0.094795971,0.114135851,0.133455799,0.152569792,0.16321636,0.143720352,0.084501521,0.029597789,0.00731474,0.001448332,0.000325542,5.98E-05,1.33E-05,3.32E-06,0,0,0,0,0,3.32E-06,0,0,0,0,0,0,0,0,0,0,0,0,0,0,0,0,0,0,0,0,0,0,0,0,0,0,0,0,0,0,0,0,0,0,0,0,0,0,0,0,0,0,0,0,0,0,0,0,0,0,0,0,0,0,0,0,0,0,0,0,4.17E-05,6.81E-05,0.00079404,0.004251261,0.009953877,0.01554056,0.02046264,0.024581891,0.027686633,0.029533232,0.030596347,0.030626651,0.030616442,0.030036577,0.030149188,0.030198535,0.029732365,0.029490806,0.029622855,0.030220683,0.031380926,0.03336194,0.036451128,0.04086816,0.046405328,0.051950268,0.055710163,0.056087725,0.052589218,0.045699818,0.037098095,0.028315269,0.020248423,0.01342546,0.008073163,0.004339245,0.002064866,0.000881841,0.000342354,0.000122607,4.73E-05,2.30E-05,1.44E-05,1.10E-05,9.30E-06,1.06E-05,5.43E-06,5.79E-06,4.44E-06,1.65E-06,0.000246685,0,0,0,0,0,0,0,0,0,0,0,0,0,0,0,0,0,0,0,0,0,0,0,0,0,0,0,0,0,0,0,0,0,0,0,0,0,0,0,0
,,,,,,,,,,,,,,,,,,,,,,,,,,,,,,,,,,,,,,,,,,,,,,,,,,,,,,,,,,,,,,,,,,,,,,,,,,,,,,,,,,,,,,,,,,,,,,,,,,,,,,,,,,,,,,,,,,,,,,,,,,,,,,,,,,,,,,,,,,,,,,,,,,,,,,,,,,,,,,,,,,,,,,,,,,,,,,,,,,,,,,,,,,,,,,,,,,,,,,,,,,,,,,,,,,,,,,,,,,,,,,,,,,,,,,,,,,,,,,,,,,,,,,,,,,,,,,,,,,,,,,,,,,,,,,,,,,,,
EC_Zendo,R9_Dorado0.4.1_FAST,0,5,0,0.00203454,0.008571173,0.016938864,0.024050007,0.025784115,0.025198708,0.02433114,0.023776103,0.023591559,0.023731977,0.024166547,0.024897564,0.025893193,0.027087419,0.028567927,0.030281357,0.032236096,0.034494825,0.037116341,0.040131906,0.043543592,0.047119372,0.0505181,0.05296632,0.053665338,0.051702438,0.046952913,0.039771631,0.031564738,0.023468141,0.016687378,0.011646454,0.007807038,0.0051174,0.003294872,0.002172496,0.001428865,0.000956297,0.00065599,0.000463054,0.000328778,0.000236366,0.000175348,0.000132507,9.66E-05,6.71E-05,5.77E-05,3.84E-05,3.44E-05,0.004449009,0,0,0,0,0,0,0,0,0,0,0,0,0,0,0,0,0,0,0,0,0,0,0,0,0,0,0,0,0,0,0,0,0,0,0,0,0,0,0,0,0,0,0,0,0,0,0,0,0,0,0.225913669,0.301218225,0.300048501,0.148954381,0.022880945,0.000941485,2.85E-05,1.43E-05,0,0,0,0,0,0,0,0,0,0,0,0,0,0,0,0,0,0,0,0,0,0,0,0,0,0,0,0,0,0,0,0,0,0,0,0,0,0,0,0,0,0,0,0,0,0,0,0,0,0,0,0,0,0,0,0,0,0,0,0,0,0,0,0,0,0,0,0,0,0,0,0,0,4.34E-05,0.000600861,0.004530623,0.011616746,0.019013159,0.025774536,0.031778666,0.037391409,0.040408501,0.042143385,0.04246854,0.043292667,0.043435278,0.042715835,0.042080699,0.041877584,0.042033152,0.042496908,0.043193881,0.044175795,0.045226356,0.046337637,0.047162629,0.047202501,0.045516179,0.041066165,0.033557087,0.024081077,0.014895497,0.007909453,0.003639995,0.001485676,0.000550851,0.000189365,6.36E-05,2.16E-05,7.86E-06,3.14E-06,1.44E-06,8.13E-07,1.04E-06,3.61E-07,1.87E-07,1.61E-07,1.48E-07,1.55E-07,1.94E-08,3.23E-09,0,3.23E-09,7.38E-06,0,0,0,0,0,0,0,0,0,0,0,0,0,0,0,0,0,0,0,0,0,0,0,0,0,0,0,0,0,0,0,0,0,0,0,0,0,0,0,0
EC_Zendo,R9_Dorado0.4.1_HAC,1,5,0,5.95E-05,0.001643249,0.007423024,0.014498924,0.019803759,0.023891136,0.023593802,0.022100462,0.020791412,0.019895364,0.019386676,0.019199367,0.019244992,0.019525718,0.020018966,0.020676392,0.021571263,0.022675996,0.024016736,0.025702399,0.027855116,0.030599319,0.034177086,0.03887515,0.044814956,0.05166545,0.05827564,0.062724425,0.062987866,0.058164096,0.049104199,0.038027865,0.027098703,0.018052674,0.011399543,0.007090189,0.004360137,0.002685693,0.001670846,0.001054284,0.000689377,0.00045447,0.000310238,0.000219239,0.00015407,0.000112354,8.22E-05,6.21E-05,4.76E-05,0.001466,0,0,0,0,0,0,0,0,0,0,0,0,0,0,0,0,0,0,0,0,0,0,0,0,0,0,0,0,0,0,0,0,0,0,0,0,0,0,0,0,0,0,0.00E+00,0,0,0,0,0,0,0,0.085094863,0.118109873,0.151574146,0.183080095,0.197364329,0.163957654,0.081028465,0.017509705,0.002085037,0.000149754,1.15E-05,3.46E-05,0,0,0,0,0,0,0,0,0,0,0,0,0,0,0,0,0,0,0,0,0,0,0,0,0,0,0,0,0,0,0,0,0,0,0,0,0,0,0,0,0,0,0,0,0,0,0,0,0,0,0,0,0,0,0,0,0,0,0,0,0,0,0,0,0,0,0,0,0,9.16E-06,7.87E-05,0.001200475,0.005697385,0.012056078,0.01781919,0.022631945,0.026612341,0.030077615,0.031603156,0.031826983,0.032193095,0.031470434,0.031298427,0.031304115,0.030885682,0.030426563,0.030358462,0.030622964,0.031247318,0.032267635,0.03375951,0.035841792,0.038730481,0.042738171,0.04791209,0.053771405,0.058333538,0.058374731,0.051477868,0.038857574,0.024887434,0.013484603,0.006251645,0.002510031,0.000896908,0.000290753,9.01E-05,2.80E-05,1.18E-05,6.63E-06,5.42E-06,3.11E-06,2.62E-06,1.73E-06,1.67E-06,6.95E-07,5.66E-07,4.51E-07,3.76E-08,4.10E-05,0,0,0,0,0,0,0,0,0,0,0,0,0,0,0,0,0,0,0,0,0,0,0,0,0,0,0,0,0,0,0,0,0,0,0,0,0,0,0,0
EC_Zendo,R9_Dorado0.4.1_SUP,2,5,0,6.54E-05,0.001351987,0.006086756,0.012295293,0.016865372,0.020090523,0.021997718,0.020619306,0.019061364,0.017890998,0.0171859,0.016820907,0.016735275,0.016932092,0.017354168,0.01805007,0.019074161,0.020572596,0.02274002,0.025951991,0.030758369,0.037804474,0.047291153,0.058335826,0.068587143,0.074932086,0.07508166,0.068973525,0.058448047,0.046176068,0.0343891,0.02447488,0.016744386,0.011092188,0.007078571,0.004397261,0.002691523,0.001664048,0.001027241,0.000637882,0.000405243,0.000258362,0.000171318,0.000116459,8.03E-05,5.55E-05,3.97E-05,2.90E-05,2.21E-05,0.000494794,0,0,0,0,0,0,0,0,0,0,0,0,0,0,0,0,0,0,0,0,0,0,0,0,0,0,0,0,0,0,0,0,0,0,0,0,0,0,0,0,0,0,0,0,0,0,0,0,0,0,0.069770315,0.098343348,0.124366822,0.147121918,0.16750716,0.171247262,0.137844668,0.067130904,0.014556073,0.001999214,8.99E-05,1.12E-05,1.12E-05,0,0,0,0,0,0,0,0,0,0,0,0,0,0,0,0,0,0,0,0,0,0,0,0,0,0,0,0,0,0,0,0,0,0,0,0,0,0,0,0,0,0,0,0,0,0,0,0,0,0,0,0,0,0,0,0,0,0,0,0,0,0,0,0,0,0,0,0,1.62E-05,0.00015005,0.001357892,0.005630861,0.011167723,0.015872325,0.019690924,0.022833553,0.025179537,0.026222594,0.026625435,0.026340223,0.026221654,0.025707526,0.025841693,0.026086195,0.026029239,0.026328653,0.027201809,0.028905111,0.03179334,0.036547329,0.043958687,0.054387001,0.06625364,0.075396138,0.077019941,0.069416104,0.05528725,0.039107027,0.024974927,0.014718731,0.008200656,0.004395948,0.002309079,0.001218167,0.000651096,0.000366742,0.000209932,0.000117909,6.41E-05,3.30E-05,1.64E-05,9.06E-06,5.66E-06,5.73E-06,2.77E-06,2.86E-06,2.11E-06,8.27E-07,0.000118687,0,0,0,0,0,0,0,0,0,0,0,0,0,0,0,0,0,0,0,0,0,0,0,0,0,0,0,0,0,0,0,0,0,0,0,0,0,0,0,0
,,,,,,,,,,,,,,,,,,,,,,,,,,,,,,,,,,,,,,,,,,,,,,,,,,,,,,,,,,,,,,,,,,,,,,,,,,,,,,,,,,,,,,,,,,,,,,,,,,,,,,,,,,,,,,,,,,,,,,,,,,,,,,,,,,,,,,,,,,,,,,,,,,,,,,,,,,,,,,,,,,,,,,,,,,,,,,,,,,,,,,,,,,,,,,,,,,,,,,,,,,,,,,,,,,,,,,,,,,,,,,,,,,,,,,,,,,,,,,,,,,,,,,,,,,,,,,,,,,,,,,,,,,,,,,,,,,,,
HG004,R10_Dorado0.4.1_FAST,3,0,0,0.000657731,0.004541801,0.012122247,0.020344734,0.025712675,0.027151038,0.027083388,0.026665302,0.026346862,0.026243433,0.026356731,0.026660472,0.02711829,0.027694454,0.028354888,0.029062872,0.029796838,0.030509846,0.031223963,0.031871393,0.032424616,0.032860174,0.033151496,0.033258379,0.033171134,0.032843888,0.032243727,0.031371124,0.030198993,0.028724536,0.026993235,0.024971137,0.022835152,0.020414516,0.017864841,0.015314271,0.012927668,0.010074906,0.007654961,0.005700074,0.004179086,0.003036386,0.002206996,0.001597385,0.001183789,0.00088865,0.000666281,0.000504752,0.000390382,0.014828505,0,0,0,0,0,0,0,0,0,0,0,0,0,0,0,0,0,0,0,0,0,0,0,0,0,0,0,0,0,0,0,0,0,0,0,0,0,0,0,0,0.00E+00,0.00E+00,0,0,0,0,0,0,0,0,0.115887923,0.207955819,0.411347905,0.237474259,0.018503206,0.00473055,0.001858627,0.001328115,0.000755153,0.000149264,7.57E-06,8.03E-07,4.59E-07,0,2.29E-07,0,0,1.15E-07,0,0,0,0,0,0,0,0,0,0,0,0,0,0,0,0,0,0,0,0,0,0,0,0,0,0,0,0,0,0,0,0,0,0,0,0,0,0,0,0,0,0,0,0,0,0,0,0,0,0,0,0,0,0,0,0,0,0,0,0,0,0,0,1.10E-07,8.40E-05,0.001261746,0.00493368,0.012261319,0.022615212,0.033331641,0.042077975,0.047171749,0.048487442,0.04769611,0.046253723,0.044859673,0.042918644,0.040747728,0.039013242,0.037770821,0.036916408,0.036321147,0.035866559,0.035440116,0.034945649,0.034295837,0.033407091,0.032219389,0.030700827,0.028833048,0.026612726,0.024073811,0.0212698,0.018291225,0.015257044,0.012313231,0.009582286,0.007176818,0.005170242,0.003574341,0.002362082,0.001452811,0.000841951,0.000464041,0.000260472,0.000142902,1.01E-04,7.47E-05,7.20E-05,3.14E-05,3.63E-05,2.54E-05,8.38E-06,0.000374,0,0,0,0,0,0,0,0,0,0,0,0,0,0,0,0,0,0,0,0,0,0,0,0,0,0,0,0,0,0,0,0,0,0,0,0,0,0,0,0
HG004,R10_Dorado0.4.1_HAC,4,0,0,3.85E-05,0.000797814,0.00325313,0.006384322,0.008937287,0.010893723,0.011092049,0.010582543,0.01004543,0.009649101,0.009413901,0.00932114,0.00934771,0.009480525,0.009708097,0.010022021,0.010421017,0.010913969,0.011482934,0.012218983,0.013167487,0.014372735,0.015935759,0.017885468,0.020141206,0.022513006,0.024684486,0.026411796,0.027621471,0.028312827,0.028687259,0.029100285,0.029497556,0.030562807,0.031997548,0.034858733,0.039708538,0.044320662,0.048529063,0.044135662,0.038524215,0.036075252,0.025779496,0.018719547,0.014828291,0.010235674,0.007488423,0.005804316,0.004204334,0.091891948,0,0,0,0,0,0,0,0,0,0,0,0,0,0,0,0,0,0,0,0,0,0,0,0,0,0,0,0,0,0,0,0,0,0,0,0,0,0,0,0,0.00E+00,0,0,0,0,0,0,0,0,0,0.014681573,0.021706024,0.03259231,0.040263595,0.056567821,0.07445825,0.101751968,0.152215441,0.197013426,0.182074203,0.088444668,0.023577788,0.006475409,0.002883306,0.001935708,0.001500702,0.001017061,0.000555708,0.000203183,4.99E-05,1.54E-05,8.44E-06,3.12E-06,2.19E-06,1.77E-06,5.21E-07,4.17E-07,1.04E-07,0,0,0,0,0,0,0,0,0,0,0,0,0,0,0,0,0,0,0,0,0,0,0,0,0,0,0,0,0,0,0,0,0,0,0,0,0,0,0,0,0,0,0,0,0,0,0,0,0,0,0,0,0,4.17E-07,3.03E-05,0.000566325,0.002463995,0.005320339,0.008248063,0.010731128,0.012566839,0.013937774,0.014579607,0.014582026,0.014659455,0.014392967,0.014366036,0.01457769,0.01452166,0.014395941,0.014437226,0.01466565,0.015078577,0.015678336,0.016497682,0.017643136,0.01924873,0.0214469,0.024228785,0.027230888,0.029808891,0.031372195,0.031766429,0.031377688,0.030750523,0.030299743,0.030245952,0.030701217,0.031750913,0.033419988,0.03604591,0.040083754,0.046202799,0.053517533,0.055169412,0.045518746,0.029361694,0.015135032,0.006724043,0.002628162,0.001038523,0.00042436,0.000136666,0.000423361,0,0,0,0,0,0,0,0,0,0,0,0,0,0,0,0,0,0,0,0,0,0,0,0,0,0,0,0,0,0,0,0,0,0,0,0,0,0,0,0
HG004,R10_Dorado0.4.1_SUP,5,0,0,1.68E-06,0.000287021,0.001562346,0.003597133,0.005379747,0.006567598,0.007643848,0.007393235,0.006862322,0.006427717,0.006148145,0.005998081,0.005951825,0.005997496,0.006124987,0.006325083,0.006588509,0.006902277,0.007290703,0.007774574,0.008497601,0.009529839,0.01102229,0.012978649,0.015181999,0.017261712,0.01887241,0.019882668,0.020314494,0.020422815,0.020453558,0.020877949,0.021526353,0.022894304,0.024951302,0.029453981,0.037729877,0.04832259,0.06186392,0.059603845,0.053865103,0.057321896,0.037244416,0.026830141,0.023858085,0.014999383,0.010626513,0.009127708,0.006181522,0.147478751,0,0,0,0,0,0,0,0,0,0,0,0,0,0,0,0,0,0,0,0,0,0,0,0,0,0,0,0,0,0,0,0,0,0,0,0,0,0,0,0,0,0,0,0,0,0,0,0,0,0,0.014170816,0.015359815,0.0171033,0.021539183,0.027615656,0.032297341,0.041626414,0.056403162,0.075615793,0.105357929,0.139770317,0.16331022,0.14916227,0.089283571,0.032137284,0.009712068,0.003589864,0.002075033,0.001400504,0.001120403,0.000680245,0.000331548,0.000205788,9.15E-05,3.43E-05,5.72E-06,0,0,0,0,0,0,0,0,0,0,0,0,0,0,0,0,0,0,0,0,0,0,0,0,0,0,0,0,0,0,0,0,0,0,0,0,0,0,0,0,0,0,0,0,0,0,0,0,0,0,0,0,0,0,0,2.23E-07,2.01E-05,0.000333944,0.001614342,0.003459809,0.005089996,0.006402806,0.007342475,0.008061302,0.008473264,0.008798796,0.008748851,0.009018724,0.008890507,0.008982346,0.00928318,0.009362167,0.009444453,0.009611533,0.009912451,0.010349964,0.011008051,0.012038885,0.013689247,0.0161098,0.01896706,0.021487515,0.022958187,0.023301754,0.02290911,0.022386868,0.022145314,0.022313646,0.022954696,0.024090993,0.025818148,0.028296883,0.032183407,0.038631015,0.051462285,0.075866322,0.099487056,0.096561123,0.068068723,0.036630881,0.016567051,0.006451527,0.002564768,0.000984851,0.000304057,0.000559561,0,0,0,0,0,0,0,0,0,0,0,0,0,0,0,0,0,0,0,0,0,0,0,0,0,0,0,0,0,0,0,0,0,0,0,0,0,0,0,0
,,,,,,,,,,,,,,,,,,,,,,,,,,,,,,,,,,,,,,,,,,,,,,,,,,,,,,,,,,,,,,,,,,,,,,,,,,,,,,,,,,,,,,,,,,,,,,,,,,,,,,,,,,,,,,,,,,,,,,,,,,,,,,,,,,,,,,,,,,,,,,,,,,,,,,,,,,,,,,,,,,,,,,,,,,,,,,,,,,,,,,,,,,,,,,,,,,,,,,,,,,,,,,,,,,,,,,,,,,,,,,,,,,,,,,,,,,,,,,,,,,,,,,,,,,,,,,,,,,,,,,,,,,,,,,,,,,,,
HG002_5kHz,R10_Dorado0.4.1_FAST,3,0,0,0.000725646,0.004709821,0.011930935,0.019370646,0.023990323,0.024995018,0.024771259,0.024352604,0.024093207,0.024078456,0.024323014,0.024816597,0.025544756,0.026481624,0.027600706,0.028861581,0.030220233,0.0315733,0.032904008,0.034110437,0.035106733,0.035863934,0.03635114,0.036557902,0.036497323,0.03615361,0.035509188,0.034558419,0.033262352,0.031565777,0.029475577,0.026916042,0.024008983,0.020721797,0.017297513,0.014015979,0.011014936,0.008206198,0.006005014,0.004293232,0.003056171,0.002152445,0.001529031,0.00109047,0.000796146,0.000590917,0.000437924,0.000329606,0.000252619,0.006928853,0,0,0,0,0,0,0,0,0,0,0,0,0,0,0,0,0,0,0,0,0,0,0,0,0,0,0,0,0,0,0,0,0,0,0,0,0,0,0,0,0,0.00E+00,0,0,0,0,0,0,0,0,0.118177469,0.185558455,0.255057603,0.26907485,0.127946312,0.029102736,0.009177179,0.003762106,0.001407805,0.000511563,0.000157287,4.44E-05,1.61E-05,3.89E-06,1.25E-06,6.94E-07,2.78E-07,0,0,0,0,0,0,0,0,0,0,0,0,0,0,0,0,0,0,0,0,0,0,0,0,0,0,0,0,0,0,0,0,0,0,0,0,0,0,0,0,0,0,0,0,0,0,0,0,0,0,0,0,0,0,0,0,0,0,0,0,0,0,0,0,5.29E-07,0.000108081,0.001534822,0.005470936,0.012472737,0.021804332,0.031163737,0.038691065,0.042960828,0.043986926,0.043308478,0.04212582,0.041139847,0.039702855,0.038144745,0.037123257,0.036675195,0.036661953,0.036880797,0.037125197,0.03721224,0.037023985,0.03650583,0.035660337,0.034512229,0.033100322,0.031421745,0.02944635,0.027126152,0.024408165,0.021285347,0.01783338,0.014249305,0.010799604,0.007782707,0.005394269,0.00366139,0.002434909,0.001476423,0.00079943,0.000382107,0.000172428,7.42E-05,4.04E-05,2.12E-05,1.63E-05,6.41E-06,6.30E-06,3.65E-06,1.06E-06,5.95E-05,0,0,0,0,0,0,0,0,0,0,0,0,0,0,0,0,0,0,0,0,0,0,0,0,0,0,0,0,0,0,0,0,0,0,0,0,0,0,0,0
HG002_5kHz,R10_Dorado0.4.1_HAC,4,0,0,2.88E-05,0.000825379,0.003449264,0.006551425,0.008849213,0.010447606,0.010334157,0.009725344,0.009184233,0.008831786,0.008666275,0.008668914,0.008861811,0.009341738,0.010262687,0.011725268,0.013520418,0.015228149,0.016365295,0.017192941,0.017362529,0.017368784,0.017358353,0.017417472,0.017586995,0.017846901,0.018211384,0.018643379,0.019201268,0.019894761,0.020841826,0.0219319,0.023711889,0.026027936,0.030119835,0.037859324,0.047499641,0.056347458,0.053924961,0.049514295,0.048454772,0.032734825,0.023352201,0.019536201,0.012468575,0.00869825,0.007385741,0.004971311,0.003667352,0.101999138,0,0,0,0,0,0,0,0,0,0,0,0,0,0,0,0,0,0,0,0,0,0,0,0,0,0,0,0,0,0,0,0,0,0,0,0,0,0,0,0,0.00E+00,0.00E+00,0.00E+00,0,0,0,0,0,0,0,0.014488726,0.021348039,0.030135055,0.041781041,0.057800405,0.076287964,0.098394277,0.120860036,0.141719544,0.142699248,0.112957735,0.067682496,0.033004719,0.016541613,0.009274918,0.005569229,0.003488537,0.002250539,0.001461819,0.00087616,0.000504383,0.000315413,0.00021212,1.50E-04,9.47E-05,6.14E-05,2.38E-05,1.08E-05,3.90E-06,1.01E-06,0.00E+00,0.00E+00,0.00E+00,0.00E+00,0.00E+00,0,0,0,0,0,0,0,0,0,0,0,0,0,0,0,0,0,0,0,0,0,0,0,0,0,0,0,0,0,0,0,0,0,0,0,0,0,0,0,0,0,0,0,0,0,0,3.86E-07,3.57E-05,0.000617157,0.002699397,0.005628504,0.008318673,0.01040547,0.011865324,0.012928799,0.013356344,0.013307749,0.013399673,0.013250263,0.013460726,0.014047282,0.014827762,0.016320967,0.018310395,0.01979728,0.020305562,0.020104234,0.019714433,0.019386319,0.019252708,0.019311671,0.019513501,0.0198078,0.02019081,0.020659687,0.021216748,0.02191038,0.022788058,0.02390998,0.025382566,0.027382616,0.030167835,0.034269467,0.041087697,0.052185133,0.06787269,0.078013957,0.067968155,0.044551185,0.023279026,0.010171753,0.004094729,0.001516193,0.000620557,0.000265994,8.64E-05,0.000434289,0,0,0,0,0,0,0,0,0,0,0,0,0,0,0,0,0,0,0,0,0,0,0,0,0,0,0,0,0,0,0,0,0,0,0,0,0,0,0,0
HG002_5kHz,R10_Dorado0.4.1_SUP,5,0,0,1.07E-05,0.000418311,0.002017267,0.004048925,0.005510996,0.006483647,0.007102803,0.006642873,0.006156981,0.005829042,0.005669246,0.005656884,0.005827912,0.006354429,0.007519331,0.009442711,0.011636882,0.013238738,0.013663576,0.01338224,0.012905867,0.012426359,0.012272993,0.012390098,0.012659902,0.012970222,0.013249721,0.013487283,0.013738755,0.014068646,0.014530577,0.015207258,0.016138691,0.01754477,0.019599204,0.024404584,0.033129626,0.046614649,0.062568517,0.062442106,0.062125052,0.058528813,0.040835864,0.031262695,0.023117294,0.01632003,0.012258632,0.009231101,0.006688942,0.160668214,0,0,0,0,0,0,0,0,0,0,0,0,0.00E+00,0.00E+00,0.00E+00,0.00E+00,0.00E+00,0.00E+00,0.00E+00,0.00E+00,0.00E+00,0.00E+00,0.00E+00,0.00E+00,0.00E+00,0.00E+00,0.00E+00,0.00E+00,0.00E+00,0.00E+00,0.00E+00,0.00E+00,0.00E+00,0.00E+00,0.00E+00,0.00E+00,0.00E+00,0.00E+00,0,0,0,0,0,0,0,0,0,0,0,0,0.007094057,0.011484347,0.016597717,0.023119512,0.031514889,0.04182146,0.052760445,0.064607827,0.07965066,0.097783459,0.114586543,0.12321481,0.113486355,0.086502362,0.05483653,0.03103404,0.017625049,0.010846452,0.007095925,4.72E-03,3.20E-03,2.16E-03,1.42E-03,9.82E-04,0.000672517,4.30E-04,0.000270377,0.000172613,0.000127031,0.00010013,6.40E-05,1.23E-05,0,0,0,0,0,0,0,0,0,0,0,0,0,0,0,0,0,0,0,0,0,0,0,0,0,0,0,0,0,0,0,0,0,0,0,0,0,0,0,0,0,0,0,0,0,0,0,0,0,8.70E-07,4.82E-05,0.000466667,0.002024393,0.003885586,0.005257754,0.00626412,0.007004082,0.007548207,0.007859158,0.00808771,0.008183775,0.008512491,0.008684189,0.009429283,0.011149506,0.013485251,0.015888858,0.016681186,0.015999681,0.014832082,0.014056972,0.013666349,0.013694702,0.014019067,0.014425628,0.014739219,0.014958081,0.015174052,0.0154017,0.015779632,0.016337123,0.017052579,0.017980942,0.01922363,0.02092432,0.023345709,0.027192257,0.033880412,0.048634561,0.080213189,0.113694784,0.113107161,0.079220494,0.041755603,0.018410167,0.007096599,0.002742096,0.001077904,3.40E-04,5.62E-04,0.00E+00,0.00E+00,0.00E+00,0.00E+00,0.00E+00,0.00E+00,0.00E+00,0.00E+00,0.00E+00,0.00E+00,0.00E+00,0.00E+00,0.00E+00,0.00E+00,0.00E+00,0.00E+00,0.00E+00,0.00E+00,0.00E+00,0.00E+00,0.00E+00,0.00E+00,0.00E+00,0.00E+00,0.00E+00,0.00E+00,0.00E+00,0.00E+00,0.00E+00,0.00E+00,0.00E+00,0.00E+00,0.00E+00,0.00E+00,0.00E+00,0.00E+00,0.00E+00,0.00E+00,0.00E+00,0
,,,,,,,,,,,,,,,,,,,,,,,,,,,,,,,,,,,,,,,,,,,,,,,,,,,,,,,,,,,,,,,,,,,,,,,,,,,,,,,,,,,,,,,,,,,,,,,,,,,,,,,,,,,,,,,,,,,,,,,,,,,,,,,,,,,,,,,,,,,,,,,,,,,,,,,,,,,,,,,,,,,,,,,,,,,,,,,,,,,,,,,,,,,,,,,,,,,,,,,,,,,,,,,,,,,,,,,,,,,,,,,,,,,,,,,,,,,,,,,,,,,,,,,,,,,,,,,,,,,,,,,,,,,,,,,,,,,,
DR_VGP,R10_Dorado0.4.1_FAST,3,1,0,0.000842431,0.005625546,0.014436549,0.023388623,0.02875333,0.029784858,0.029241935,0.02839849,0.027718782,0.027312016,0.02716111,0.02723849,0.027491715,0.02787194,0.028346533,0.028871581,0.029429832,0.02996791,0.030516365,0.031003995,0.031405164,0.031701324,0.031866208,0.031863529,0.031689138,0.031296062,0.030661137,0.029788471,0.028642391,0.027236337,0.025598481,0.023700904,0.021743601,0.019547679,0.017278284,0.014989211,0.012908723,0.010209768,0.007830827,0.005997047,0.004399992,0.003164522,0.002321848,0.001680505,0.001228293,0.000922963,0.000693578,0.000520861,0.00040186,0.01530926,0,0,0,0,0,0,0,0,0,0,0,0,0,0,0,0,0,0,0,0,0,0,0,0,0,0,0,0,0,0,0,0,0,0,0,0,0,0,0,0,0,0.00E+00,0,0,0,0,0,0,0,0,0.147071238,0.357870354,0.433039237,0.058177636,0.003564226,0.000246723,1.02E-05,1.43E-05,4.08E-06,2.04E-06,0,0,0,0,0,0,0,0,0,0,0,0,0,0,0,0,0,0,0,0,0,0,0,0,0,0,0,0,0,0,0,0,0,0,0,0,0,0,0,0,0,0,0,0,0,0,0,0,0,0,0,0,0,0,0,0,0,0,0,0,0,0,0,0,0,0,0,0,0,0,0,9.56E-08,0.000109762,0.001767103,0.006777629,0.01572882,0.02722625,0.038163968,0.046303394,0.050259483,0.050353429,0.04857001,0.046386572,0.044426959,0.04212541,0.039718029,0.037785882,0.036368105,0.035353574,0.034615822,0.034029096,0.03349504,0.032923811,0.032227312,0.031327975,0.030173874,0.028744736,0.027021058,0.025000115,0.022702755,0.02016561,0.017452177,0.014669715,0.011954997,0.009432596,0.007224391,0.005412369,0.004013829,0.003042267,0.002358301,0.001778102,0.001194472,0.000701687,0.000366194,0.000193221,0.000101558,6.50E-05,2.77E-05,2.42E-05,1.58E-05,5.29E-06,0.000114475,0,0,0,0,0,0,0,0,0,0,0,0,0,0,0,0,0,0,0,0,0,0,0,0,0,0,0,0,0,0,0,0,0,0,0,0,0,0,0,0
DR_VGP,R10_Dorado0.4.1_HAC,4,1,0,5.26E-05,0.001189695,0.004609067,0.008422321,0.01110212,0.012880347,0.01275197,0.011945437,0.011174621,0.010597603,0.010224013,0.010016837,0.009945482,0.009987212,0.010127894,0.010350098,0.010648777,0.011024325,0.01144603,0.011970901,0.012608762,0.013358289,0.014273475,0.015378875,0.016663515,0.018080051,0.019508398,0.020855743,0.022076723,0.023137913,0.024123788,0.025241336,0.026401917,0.028162002,0.030357082,0.034114447,0.040014161,0.045835258,0.051560493,0.047313031,0.041542411,0.039779597,0.028274033,0.020532837,0.016466937,0.011308729,0.008241141,0.006440052,0.004648482,0.103233173,0,0,0,0,0,0,0,0,0,0,0,0,0,0,0,0,0,0,0,0,0,0,0,0,0,0,0,0,0,0,0,0,0,0,0,0,0,0,0,0,0.00E+00,0,0,0,0,0,0,0,0,0,0.026966975,0.034018281,0.039409494,0.052077481,0.07454602,0.108811588,0.152457684,0.202878708,0.193021789,0.083941095,0.022586728,0.006447636,0.001920108,0.000601852,0.000198193,7.09E-05,2.55E-05,1.09E-05,1.82E-06,7.27E-06,0,0,0,0,0,0,0,0,0,0,0,0,0,0,0,0,0,0,0,0,0,0,0,0,0,0,0,0,0,0,0,0,0,0,0,0,0,0,0,0,0,0,0,0,0,0,0,0,0,0,0,0,0,0,0,0,0,0,0,0,0,5.42E-07,3.85E-05,0.000895589,0.00387202,0.007604433,0.010793151,0.013150516,0.014694207,0.015747381,0.016063845,0.015772519,0.015617819,0.015164357,0.014956386,0.015015259,0.014851107,0.014623625,0.014551017,0.01464313,0.014885895,0.015268969,0.015778365,0.016456965,0.017337786,0.018474702,0.019904829,0.021536049,0.02315887,0.024541129,0.025547035,0.026266565,0.026877737,0.0275561,0.02843281,0.029643001,0.03132859,0.03359043,0.036847291,0.041740576,0.049242875,0.058612418,0.061967826,0.05214388,0.034114481,0.017738375,0.007890256,0.003082543,0.001186726,0.000461102,0.000140779,0.000189619,0,0,0,0,0,0,0,0,0,0,0,0,0,0,0,0,0,0,0,0,0,0,0,0,0,0,0,0,0,0,0,0,0,0,0,0,0,0,0,0
DR_VGP,R10_Dorado0.4.1_SUP,5,1,0,1.16E-06,0.000375889,0.002609934,0.005532825,0.007422102,0.008397766,0.009205577,0.008671374,0.007918262,0.007321152,0.006917891,0.006674438,0.006551745,0.006524714,0.006583563,0.006710768,0.006902233,0.007145943,0.007453595,0.007815449,0.008293581,0.008865852,0.009593301,0.010492968,0.011544714,0.012662982,0.013733696,0.014687335,0.015495774,0.016235679,0.016978859,0.017968103,0.019132632,0.020877402,0.023362343,0.028344438,0.037341619,0.049168195,0.064358081,0.062194436,0.056380913,0.06077665,0.03936251,0.028371496,0.025604141,0.015957705,0.011244238,0.0098259,0.006570623,0.157837453,0,0,0,0,0,0,0,0,0,0,0,0,0,0,0,0,0,0,0,0,0,0,0,0,0,0,0,0,0,0,0,0,0,0,0,0,0,0,0,0,0,0,0,0,0,0,0,0,0,0,0.019119415,0.021408196,0.026110246,0.030364142,0.036433769,0.048208455,0.064421989,0.082718012,0.106754661,0.133016069,0.15969362,0.15032331,0.078545921,0.026357441,0.009656629,0.003953349,0.00160766,0.000736251,0.000314774,0.000151163,6.76E-05,2.49E-05,1.07E-05,1.78E-06,0,0,0,0,0,0,0,0,0,0,0,0,0,0,0,0,0,0,0,0,0,0,0,0,0,0,0,0,0,0,0,0,0,0,0,0,0,0,0,0,0,0,0,0,0,0,0,0,0,0,0,0,0,0,0,0,0,1.30E-07,1.88E-05,0.000499134,0.003011294,0.005604518,0.007162746,0.008266174,0.009008265,0.009541917,0.009785178,0.009964205,0.009749016,0.00989154,0.009649802,0.009627572,0.009822132,0.009801281,0.00977871,0.009829965,0.010004026,0.010284382,0.010700721,0.011247959,0.011989616,0.012990711,0.014219462,0.015508303,0.016646767,0.01753977,0.018189195,0.018764132,0.019434863,0.020280104,0.021380728,0.022844022,0.02481763,0.027514277,0.031640717,0.038489665,0.052271478,0.079063841,0.105913906,0.104169752,0.073955651,0.039914769,0.017975499,0.006975881,0.002695568,0.001005355,0.000301703,0.000257162,0,0,0,0,0,0,0,0,0,0,0,0,0,0,0,0,0,0,0,0,0,0,0,0,0,0,0,0,0,0,0,0,0,0,0,0,0,0,0,0
,,,,,,,,,,,,,,,,,,,,,,,,,,,,,,,,,,,,,,,,,,,,,,,,,,,,,,,,,,,,,,,,,,,,,,,,,,,,,,,,,,,,,,,,,,,,,,,,,,,,,,,,,,,,,,,,,,,,,,,,,,,,,,,,,,,,,,,,,,,,,,,,,,,,,,,,,,,,,,,,,,,,,,,,,,,,,,,,,,,,,,,,,,,,,,,,,,,,,,,,,,,,,,,,,,,,,,,,,,,,,,,,,,,,,,,,,,,,,,,,,,,,,,,,,,,,,,,,,,,,,,,,,,,,,,,,,,,,
DM_ontopen,R10_Dorado0.4.1_FAST,3,2,0,0.001072796,0.007018666,0.018392039,0.03044984,0.037817127,0.039206033,0.038346674,0.036964267,0.035735947,0.034821804,0.034208012,0.03382132,0.033603926,0.033493419,0.033434989,0.033374784,0.033290943,0.033127229,0.032906449,0.032561327,0.032071308,0.031426042,0.030615631,0.029616166,0.028445462,0.027086214,0.025549174,0.023861794,0.022043297,0.020120302,0.01815755,0.016154379,0.014205948,0.012264063,0.0104163,0.008725564,0.007243324,0.00554584,0.004172754,0.003073746,0.002233808,0.001622613,0.001180473,0.000853533,0.000633653,0.000476596,0.00035815,0.000271806,0.000210646,0.007716273,0,0,0,0,0,0,0,0,0,0,0,0,0,0,0,0,0,0,0,0,0,0,0,0,0,0,0,0,0,0,0,0,0,0,0,0,0,0,0,0,0,0.00E+00,0,0,0,0,0,0,0,0,0.642528423,0.329361934,0.025452718,0.002090694,0.000424938,8.92E-05,3.61E-05,1.27E-05,1.06E-06,1.06E-06,1.06E-06,0,0,0,0,0,0,0,0,0,0,0,0,0,0,0,0,0,0,0,0,0,0,0,0,0,0,0,0,0,0,0,0,0,0,0,0,0,0,0,0,0,0,0,0,0,0,0,0,0,0,0,0,0,0,0,0,0,0,0,0,0,0,0,0,0,0,0,0,0,0,1.39E-07,0.00013529,0.001841696,0.007812154,0.020461855,0.037184847,0.052498893,0.063163502,0.067253436,0.06534173,0.060990745,0.056316056,0.052167505,0.048054114,0.044183931,0.040938677,0.038285086,0.03604597,0.034066923,0.032229764,0.030424438,0.02858229,0.026648147,0.02459006,0.022403247,0.020112105,0.017748745,0.015351309,0.012987271,0.010714171,0.008597461,0.006696481,0.005050115,0.003684008,0.002599087,0.00177508,0.001172327,0.000750963,0.000456051,0.000265013,0.000149035,8.41E-05,4.68E-05,3.17E-05,2.25E-05,1.99E-05,8.40E-06,8.95E-06,5.88E-06,2.01E-06,4.01E-05,0,0,0,0,0,0,0,0,0,0,0,0,0,0,0,0,0,0,0,0,0,0,0,0,0,0,0,0,0,0,0,0,0,0,0,0,0,0,0,0
DM_ontopen,R10_Dorado0.4.1_HAC,4,2,0,5.56E-05,0.001215201,0.005068552,0.010152569,0.014351676,0.017364088,0.01751753,0.016552442,0.015554785,0.014793005,0.014287651,0.014006182,0.013905214,0.013958476,0.014145198,0.014450921,0.014886078,0.015459328,0.016159462,0.017093179,0.018327487,0.019892124,0.021927558,0.024510637,0.027655533,0.031281941,0.035118057,0.038843321,0.042112535,0.04452312,0.045861966,0.046228823,0.045200679,0.043636292,0.040771985,0.037134109,0.033500908,0.028919718,0.024029952,0.018438112,0.013959677,0.010802624,0.007698633,0.005306256,0.003886896,0.002744539,0.001995698,0.001479537,0.001089543,0.022144559,0,0,0,0,0,0,0,0,0,0,0,0,0,0,0,0,0,0,0,0,0,0,0,0,0,0,0,0,0,0,0,0,0,0,0,0,0,0,0,0,0.00E+00,0.00E+00,0,0,0,0,0,0,0,0,0.037909109,0.053974097,0.078160996,0.104286582,0.142181447,0.192243881,0.201526366,0.132854122,0.044864643,0.009565771,0.001845841,0.000401981,1.06E-04,4.01E-05,2.06E-05,8.97E-06,5.80E-06,2.11E-06,5.28E-07,5.28E-07,0,0,5.28E-07,0,0,0,0,0,0,0,0,0,0,0,0,0,0,0,0,0,0,0,0,0,0,0,0,0,0,0,0,0,0,0,0,0,0,0,0,0,0,0,0,0,0,0,0,0,0,0,0,0,0,0,0,0,0,0,0,0,0,8.74E-07,3.66E-05,0.000799069,0.003760433,0.008575475,0.013686023,0.017825276,0.02055795,0.022371551,0.022782479,0.022179178,0.021695108,0.020929586,0.020515738,0.02037502,0.020000625,0.019609494,0.019458881,0.019556339,0.019915281,0.020549563,0.021514119,0.022930937,0.024938308,0.027675541,0.031216711,0.03540261,0.039826629,0.043845638,0.046771718,0.048142654,0.047812898,0.045912541,0.042779014,0.038792233,0.034307263,0.029521017,0.024752514,0.019964411,0.015204415,0.010608115,0.006518045,0.003490817,0.001653713,0.000701935,0.000291202,0.000110966,5.45E-05,2.99E-05,1.08E-05,3.83E-05,0,0,0,0,0,0,0,0,0,0,0,0,0,0,0,0,0,0,0,0,0,0,0,0,0,0,0,0,0,0,0,0,0,0,0,0,0,0,0,0
DM_ontopen,R10_Dorado0.4.1_SUP,5,2,0,1.92E-06,0.00042932,0.002306106,0.00551551,0.008495438,0.010523447,0.012125592,0.0116449,0.010751634,0.010019508,0.009523981,0.009242573,0.009134153,0.009174811,0.009356451,0.009683477,0.010200945,0.010994568,0.012279655,0.014421551,0.018211254,0.024258061,0.032985433,0.043867639,0.055126204,0.064229787,0.068924097,0.068447522,0.063490578,0.056013099,0.047810406,0.040423379,0.034115963,0.02964584,0.025958235,0.023107991,0.021197114,0.019147782,0.016927775,0.013378982,0.01037068,0.009038799,0.005765134,0.003954486,0.003262283,0.002117623,0.001475821,0.001222567,0.000845468,0.018854457,0,0,0,0,0,0,0,0,0,0,0,0,0,0,0,0,0,0,0,0,0,0,0,0,0,0,0,0,0,0,0,0,0,0,0,0,0,0,0,0,0,0,0,0,0,0,0,0,0,0,0.019867223,0.025841865,0.036287222,0.049293873,0.066953456,0.091713316,0.116934105,0.150573802,0.17263378,0.151889865,0.083375508,0.027009589,0.00602289,0.001222646,0.000261262,7.49E-05,2.41E-05,1.13E-05,6.67E-06,2.57E-06,0,0,0,0,0,0,0,0,0,0,0,0,0,0,0,0,0,0,0,0,0,0,0,0,0,0,0,0,0,0,0,0,0,0,0,0,0,0,0,0,0,0,0,0,0,0,0,0,0,0,0,0,0,0,0,0,0,0,0,0,0,2.22E-07,3.12E-05,0.000468886,0.002343546,0.005293644,0.008092724,0.010409836,0.012010269,0.013103007,0.013569484,0.01380302,0.013528124,0.013675507,0.013367433,0.013440302,0.013700467,0.013747303,0.013946056,0.01442912,0.015452738,0.017390786,0.02110263,0.027815818,0.038551607,0.052855878,0.067497342,0.077350152,0.078999254,0.072830077,0.061607843,0.049468357,0.038882925,0.030565443,0.024501763,0.020262039,0.017346499,0.015328765,0.014092764,0.013551614,0.013652204,0.013656726,0.011867061,0.008265368,0.004605333,0.002118817,0.0008737,0.000320419,0.000128843,5.11E-05,1.62E-05,2.98E-05,0,0,0,0,0,0,0,0,0,0,0,0,0,0,0,0,0,0,0,0,0,0,0,0,0,0,0,0,0,0,0,0,0,0,0,0,0,0,0,0
,,,,,,,,,,,,,,,,,,,,,,,,,,,,,,,,,,,,,,,,,,,,,,,,,,,,,,,,,,,,,,,,,,,,,,,,,,,,,,,,,,,,,,,,,,,,,,,,,,,,,,,,,,,,,,,,,,,,,,,,,,,,,,,,,,,,,,,,,,,,,,,,,,,,,,,,,,,,,,,,,,,,,,,,,,,,,,,,,,,,,,,,,,,,,,,,,,,,,,,,,,,,,,,,,,,,,,,,,,,,,,,,,,,,,,,,,,,,,,,,,,,,,,,,,,,,,,,,,,,,,,,,,,,,,,,,,,,,
AT_ERR7919757,R10_Dorado0.4.1_FAST,3,3,0,0.001273709,0.007856311,0.019341031,0.030372581,0.036640881,0.037590202,0.03655512,0.035135023,0.033907086,0.032990529,0.03237176,0.031992885,0.031782233,0.031691641,0.031667789,0.031673012,0.031689952,0.031652707,0.031589659,0.031446993,0.031186932,0.030814253,0.030284697,0.029596436,0.028743966,0.02770674,0.026474132,0.025066069,0.023501093,0.021781131,0.019968453,0.018061166,0.016143662,0.014185491,0.01228178,0.010499115,0.008935358,0.006998083,0.005343758,0.003972018,0.002887779,0.002083267,1.50E-03,1.07E-03,7.87E-04,5.87E-04,4.38E-04,3.31E-04,2.55E-04,0.009294483,0,0,0,0,0,0,0,0,0,0,0,0,0,0,0,0,0,0,0,0,0,0,0,0,0,0,0,0,0,0,0,0,0,0,0,0,0,0,0,0,0,0,0,0,0,0,0,0,0,0,0.576997569,0.377538745,0.044595829,0.000860801,3.53E-06,0.00E+00,0.00E+00,0.00E+00,0.00E+00,3.53E-06,0,0.00E+00,0,0,0,0,0,0,0,0,0,0,0,0,0,0,0,0,0,0,0,0,0,0,0,0,0,0,0,0,0,0,0,0,0,0,0,0,0,0,0,0,0,0,0,0,0,0,0,0,0,0,0,0,0,0,0,0,0,0,0,0,0,0,0,0,0,0,0,0,0,1.15E-07,0.000130274,0.002253804,0.009657032,0.022788121,0.038056398,0.050997239,0.059291546,0.062062538,0.060277783,0.056551022,0.052617633,0.049063199,0.045419603,0.042002916,0.039232907,0.037078296,0.035361402,0.033928128,0.032619786,0.031320773,0.029939287,0.028399565,0.02668066,0.024772368,0.022682907,0.02043847,0.01806352,0.015603982,0.013132116,0.010722036,0.00846672,0.006441772,0.004709227,0.003303125,0.002224888,0.001439125,0.000899119,0.000537043,0.000315554,0.000182783,0.000106043,6.06E-05,4.04E-05,2.77E-05,2.40E-05,1.03E-05,1.05E-05,6.49E-06,1.89E-06,4.74E-05,0,0,0,0,0,0,0,0,0,0,0,0,0,0,0,0,0,0,0,0,0,0,0,0,0,0,0,0,0,0,0,0,0,0,0,0,0,0,0,0
AT_ERR7919757,R10_Dorado0.4.1_HAC,4,3,0,7.67E-05,0.00198497,0.008258621,0.015165905,0.019488385,0.021572567,0.020799386,0.019092616,0.017541916,0.016362663,0.015547883,0.015032388,0.014764672,0.014718717,0.014867231,0.015198041,0.015720838,0.016440028,0.017356089,0.018590376,0.020261337,0.022426771,0.025190687,0.028518037,0.032139344,0.035586942,0.038257719,0.039705618,0.039826098,0.03874028,0.036794794,0.03444781,0.031845451,0.029613489,0.027518393,0.025950318,0.02540104,0.024914052,0.024101967,0.021331019,0.018360499,0.015615651,0.011565433,8.24E-03,5.95E-03,4.10E-03,2.93E-03,2.14E-03,1.55E-03,0.028405834,0,0,0,0,0,0,0,0,0,0,0,0,0,0,0,0,0,0,0,0,0,0,0,0,0,0,0,0,0,0,0,0,0,0,0,0,0,0,0,0,0,0.00E+00,0.00E+00,0,0,0,0,0,0,0,0.072597312,0.101154692,0.125942226,0.149007802,0.16423225,0.161368599,0.130902747,6.80E-02,2.08E-02,4.81E-03,1.05E-03,9.42E-05,3.77E-06,3.77E-06,0.00E+00,0,0.00E+00,0.00E+00,0.00E+00,0,0,0,0,0,0,0,0,0,0,0,0,0,0,0,0,0,0,0,0,0,0,0,0,0,0,0,0,0,0,0,0,0,0,0,0,0,0,0,0,0,0,0,0,0,0,0,0,0,0,0,0,0,0,0,0,0,0,0,0,0,0,7.71E-07,3.96E-05,0.001255639,0.006638514,0.014273693,0.020243735,0.023734631,0.025268592,0.02574873,0.025147531,0.023927993,0.022930598,0.021793686,0.021112511,0.020715004,0.020186651,0.019783047,0.019733738,0.020061577,0.020773878,0.021893498,0.023487418,0.025720708,0.028730982,0.032566779,0.03695551,0.041102127,0.043861523,0.044328381,0.04236646,0.038686364,0.034280166,0.029953669,0.02617081,0.023120455,0.020816079,0.019162398,0.018160549,0.017796133,0.018036841,0.018371704,0.016810905,0.012393189,0.007033979,0.003124505,0.001147209,0.0003668,0.000111011,3.86E-05,1.01E-05,2.50E-05,0,0,0,0,0,0,0,0,0,0,0,0,0,0,0,0,0,0,0,0,0,0,0,0,0,0,0,0,0,0,0,0,0,0,0,0,0,0,0,0
AT_ERR7919757,R10_Dorado0.4.1_SUP,5,3,0,1.43E-06,0.000452239,0.00420927,0.010372506,0.014425001,0.016038097,0.016619771,0.015234639,0.013635323,0.012382645,0.011509353,0.010940801,0.010616317,0.01050237,0.010592654,0.010882675,0.011388273,0.012157071,0.013352953,0.015235818,0.01837583,0.023111958,0.029486503,0.036900569,0.043910548,0.048704363,0.050043706,0.047996435,0.043541287,0.038040077,0.032686389,0.028254959,0.02498736,0.022882571,0.02147409,0.0210018,0.022199269,0.024351553,0.027397695,0.026966615,0.025282648,0.024300081,0.017666919,1.27E-02,9.58E-03,6.34E-03,4.38E-03,3.33E-03,2.35E-03,0.041182776,0,0,0,0,0,0,0,0,0,0,0,0,0,0,0,0,0,0,0,0,0,0,0,0,0,0,0,0,0,0,0,0,0,0,0,0,0,0,0,0,0,0.00E+00,0.00E+00,0,0,0,0,0,0,0,0.033301172,0.052064814,0.07159996,0.087629909,0.106355608,0.123644898,0.13659425,0.140941416,1.26E-01,7.96E-02,3.11E-02,8.49E-03,2.01E-03,3.29E-04,4.16E-05,7.23E-06,1.81E-06,1.81E-06,0.00E+00,0,1.81E-06,0,0,0,1.81E-06,0,0,0,0,0,0,0,0,0,0,0,0,0,0,0,0,0,0,0,0,0,0,0,0,0,0,0,0,0,0,0,0,0,0,0,0,0,0,0,0,0,0,0,0,0,0,0,0,0,0,0,0,0,0,0,0,2.20E-07,1.93E-05,0.000520665,0.004571733,0.01061028,0.014449699,0.016481947,0.017307028,0.017528819,0.017243148,0.016886769,0.016131842,0.015829225,0.015187994,0.014963146,0.014955762,0.014848307,0.014958679,0.015415054,0.016401068,0.018184439,0.021363443,0.026697001,0.034582722,0.044282637,0.053276258,0.057977012,0.056489403,0.050008361,0.041199541,0.032861248,0.026296677,0.021611105,0.018555391,0.01676931,0.015915212,0.015765637,0.01642508,0.018263286,0.022380997,0.030171834,0.036887477,0.033403041,0.021237182,0.009902751,0.003628645,0.001127624,0.000307283,8.35E-05,1.81E-05,1.72E-05,0,0,0,0,0,0,0,0,0,0,0,0,0,0,0,0,0,0,0,0,0,0,0,0,0,0,0,0,0,0,0,0,0,0,0,0,0,0,0,0
,,,,,,,,,,,,,,,,,,,,,,,,,,,,,,,,,,,,,,,,,,,,,,,,,,,,,,,,,,,,,,,,,,,,,,,,,,,,,,,,,,,,,,,,,,,,,,,,,,,,,,,,,,,,,,,,,,,,,,,,,,,,,,,,,,,,,,,,,,,,,,,,,,,,,,,,,,,,,,,,,,,,,,,,,,,,,,,,,,,,,,,,,,,,,,,,,,,,,,,,,,,,,,,,,,,,,,,,,,,,,,,,,,,,,,,,,,,,,,,,,,,,,,,,,,,,,,,,,,,,,,,,,,,,,,,,,,,,
EC_ERR9127552,R10_Dorado0.4.1_FAST,3,5,0,0.001402882,0.008336094,0.020964155,0.034161234,0.042409166,0.043913177,0.042808146,0.041117607,0.039570379,0.038314588,0.037387744,0.036688435,0.036148519,0.03571144,0.03533222,0.034954629,0.03456624,0.034088269,0.033541808,0.032867504,0.032045069,0.031049018,0.029872587,0.028497317,0.026938393,0.025208211,0.023294795,0.021277313,0.019160348,0.01701575,0.01489314,0.012811427,0.010852215,0.009001658,0.007323131,0.005866174,0.004646687,0.003473906,0.002560463,0.001838777,0.001312585,0.000935503,0.000669018,0.00047758,0.000351161,0.000262594,0.000196052,0.000147897,1.14E-04,0.003622979,0,0,0,0,0,0,0,0,0,0,0,0,0,0,0,0,0,0,0,0,0,0,0,0,0,0,0,0,0,0,0,0,0,0,0,0,0,0,0,0,0,0.00E+00,0.00E+00,0.00E+00,0,0,0,0,0,0,0.929402283,0.068601014,0.0019171,6.97E-05,9.95E-06,0,0,0,0,0,0,0,0,0,0,0,0,0,0,0,0,0,0,0,0,0,0,0,0,0,0,0,0,0,0,0,0,0,0,0,0,0,0,0,0,0,0,0,0,0,0,0,0,0,0,0,0,0,0,0,0,0,0,0,0,0,0,0,0,0,0,0,0,0,0,0,0,0,0,0,0,1.88E-07,0.000158038,0.002295176,0.00991571,0.024937776,0.043613321,0.059757863,0.070268452,0.073641376,0.07048711,0.06480261,0.059013385,0.053885446,0.04902034,0.044626494,0.040979408,0.037948554,0.035352689,0.033021429,0.030796849,0.028600418,0.02636568,0.024067599,0.021683704,0.019222733,0.016709772,0.014203513,0.011739774,0.009415975,0.007288541,0.005424482,0.00387604,0.002650352,0.00173183,0.001080969,0.000644521,0.000368116,0.000199695,0.000101765,4.94E-05,2.35E-05,1.14E-05,5.72E-06,3.39E-06,1.96E-06,1.61E-06,6.33E-07,5.98E-07,3.87E-07,1.14E-07,3.54E-06,0,0,0,0,0,0,0,0,0,0,0,0,0,0,0,0,0,0,0,0,0,0,0,0,0,0,0,0,0,0,0,0,0,0,0,0,0,0,0,0
EC_ERR9127552,R10_Dorado0.4.1_HAC,4,5,0,0.000140556,0.002350415,0.008220218,0.014614533,0.019059021,0.021846516,0.021415583,0.019799877,0.01827973,0.017147583,0.016380505,0.0159182,0.015691336,0.015670001,0.015815913,0.016117305,0.016570998,0.017198869,0.017998566,0.019048074,0.020449225,0.022255798,0.024610237,0.027656605,0.031466414,0.036049241,0.041148259,0.046305691,0.050817917,0.05382672,0.054615841,0.052842497,0.048392633,0.042142925,0.034643206,0.027014811,0.020508016,0.015165824,0.010992575,0.007749902,0.005457984,0.003805707,0.002628663,0.001758716,0.001207313,0.00082436,0.000590222,0.000425415,0.000307543,0.005055941,0,0,0,0,0,0,0,0,0,0,0,0,0,0,0,0,0,0,0,0,0,0,0,0,0,0,0,0,0,0,0,0,0,0,0,0,0,0,0,0,0,0.00E+00,0.00E+00,0.00E+00,0,0,0,0,0,0,0.068360597,0.0960303,0.130548748,0.177107621,0.214699606,0.187910056,0.094214875,0.026028384,0.004458509,0.000573937,5.69E-05,7.87E-06,1.75E-06,0,0,8.75E-07,0,0,0,0,0,0,0,0,0,0,0,0,0,0,0,0,0,0,0,0,0,0,0,0,0,0,0,0,0,0,0,0,0,0,0,0,0,0,0,0,0,0,0,0,0,0,0,0,0,0,0,0,0,0,0,0,0,0,0,0,0,0,0,0,0,4.87E-06,9.22E-05,0.001670911,0.006802009,0.013392064,0.019040844,0.023014196,0.025320997,0.026756295,0.02662528,0.025475217,0.024557285,0.023439713,0.022757468,0.022372937,0.021824776,0.021309795,0.021096582,0.021184676,0.021586627,0.022312971,0.023420037,0.025042901,0.027338294,0.030516915,0.034728774,0.039956581,0.045809365,0.051416612,0.05547398,0.056650326,0.054185901,0.048089561,0.039362539,0.029592545,0.020376218,0.012829338,0.007411927,0.003910271,0.001883589,0.00082799,0.0003317,0.000125608,4.71E-05,1.84E-05,7.94E-06,3.38E-06,2.04E-06,1.21E-06,3.18E-07,9.28E-07,0,0,0,0,0,0,0,0,0,0,0,0,0,0,0,0,0,0,0,0,0,0,0,0,0,0,0,0,0,0,0,0,0,0,0,0,0,0,0,0
EC_ERR9127552,R10_Dorado0.4.1_SUP,5,5,0,3.53E-06,0.000886804,0.004575513,0.009896813,0.013642511,0.015442057,0.016522159,0.015308619,0.01374239,0.01248937,0.011604868,0.0110116,0.0106505,0.010465708,0.010431632,0.010541805,0.010792059,0.011220504,0.011905187,0.012968842,0.014686589,0.01731202,0.021052839,0.025843638,0.031130422,0.035844568,0.038825273,0.039495954,0.038060387,0.035285105,0.032027392,0.029012005,0.026602198,0.02505612,0.024409005,0.025095629,0.027632389,0.031448208,0.036220457,0.036128716,0.034086859,0.032807248,0.023734426,0.017011432,0.012749668,0.008428306,0.005820526,0.004404527,0.003113691,0.052571929,0,0,0,0,0,0,0,0,0,0,0,0,0,0,0,0,0,0,0,0,0,0,0,0,0,0,0,0,0,0,0,0,0,0,0,0,0,0,0,0,0,0.00E+00,0.00E+00,0,0,0,0,0,0,0,0.034551723,0.051352876,0.069636656,0.089599465,0.112906124,0.140882138,0.16475293,0.159582959,0.111144356,0.049264328,0.013439753,0.002436222,0.000367732,6.27E-05,1.17E-05,4.18E-06,2.51E-06,1.67E-06,0,0,0,0,0,0,0,0,0,0,0,0,0,0,0,0,0,0,0,0,0,0,0,0,0,0,0,0,0,0,0,0,0,0,0,0,0,0,0,0,0,0,0,0,0,0,0,0,0,0,0,0,0,0,0,0,0,0,0,0,0,0,0,4.35E-07,5.77E-05,0.00090677,0.00481949,0.009856951,0.013318963,0.015612095,0.016879923,0.017577183,0.017519729,0.017229302,0.016409264,0.016105866,0.015374758,0.015032542,0.01495946,0.014683913,0.01450743,0.014540797,0.014914619,0.015760915,0.017383385,0.020168004,0.024564654,0.030559161,0.037133029,0.042061086,0.043563239,0.041559246,0.037170213,0.032303247,0.02805083,0.024823657,0.022746936,0.021666662,0.021417658,0.021900214,0.023303872,0.026128683,0.031816426,0.042117187,0.050539983,0.045141219,0.028312681,0.01298016,0.004641518,0.001401904,0.000362809,9.16E-05,1.84E-05,4.25E-06,0,0,0,0,0,0,0,0,0,0,0,0,0,0,0,0,0,0,0,0,0,0,0,0,0,0,0,0,0,0,0,0,0,0,0,0,0,0,0,0
