Sample,Config,Label,A1,A2,A3,A4,A5,A6,A7,A8,A9,A10,A11,A12,A13,A14,A15,A16,A17,A18,A19,A20,A21,A22,A23,A24,A25,A26,A27,A28,A29,A30,A31,A32,A33,A34,A35,A36,A37,A38,A39,A40,A41,A42,A43,A44,A45,A46,A47,A48,A49,A50,A51,A52,A53,A54,A55,A56,A57,A58,A59,A60,A61,A62,A63,A64,A65,A66,A67,A68,A69,A70,A71,A72,A73,A74,A75,A76,A77,A78,A79,A80,A81,A82,A83,A84,A85,A86,A87,A88,A89,A90,A91,A92,A93,A94,A95,A96,A97,A98,A99,A100
HG02723,R9_Dorado0.4.1_HAC,0,0.846520542,0.695104557,0.560139823,0.444874492,0.371980043,0.318419144,0.276941831,0.245023353,0.220155001,0.200760439,0.186034302,0.175302022,0.167200451,0.160425613,0.154163704,0.148578172,0.143357511,0.138606446,0.134520152,0.131190372,0.128419762,0.126434707,0.124698881,0.12314907,0.121526733,0.119733419,0.117892685,0.116377924,0.115504707,0.115047507,0.114586094,0.114019559,0.11299287,0.111927906,0.111011758,0.110438704,0.110163814,0.109837825,0.109387352,0.108678847,0.107757334,0.107060382,0.106636392,0.106306981,0.106091196,0.105748755,0.105293814,0.104858002,0.104302317,0.103462996,0.102709062,0.102258242,0.102137417,0.102076441,0.101871997,0.101254881,0.100433539,0.099797986,0.099570692,0.099549441,0.0996748,0.099608006,0.099082594,0.09821244,0.097302468,0.096511168,0.0962735,0.096373718,0.096524184,0.096392167,0.095903269,0.095189958,0.094486358,0.093916163,0.09362525,0.093285831,0.09314146,0.093116378,0.092998458,0.092631766,0.091945508,0.091126217,0.090544769,0.09042352,0.090619732,0.090830041,0.090944765,0.090779539,0.090360663,0.089823193,0.089422169,0.089176984,0.08912999,0.089119937,0.089043765,0.08878769,0.088434396,0.088164557,0.087877194,0.087592762
HG02723,R9_Dorado0.4.1_SUP,1,0.87113707,0.736925172,0.613373152,0.503006567,0.407713647,0.346075208,0.299321328,0.262542416,0.233548186,0.210910556,0.19322912,0.179427923,0.168358629,0.159180061,0.151379952,0.14463878,0.138600469,0.133372845,0.128934769,0.125400183,0.122286095,0.119708397,0.117527258,0.11552066,0.113420865,0.111623811,0.110069967,0.108847736,0.107873785,0.107049749,0.10610814,0.105081832,0.103830906,0.10262152,0.101606326,0.10096429,0.100263856,0.099737376,0.099256594,0.098762339,0.098211999,0.09784224,0.097420343,0.097022698,0.096571987,0.095962998,0.095216711,0.094615802,0.094084559,0.093564344,0.09316675,0.092982949,0.092781951,0.092572328,0.092342223,0.092085964,0.091696707,0.091378919,0.091211067,0.091053374,0.090944976,0.090746983,0.09027905,0.089590725,0.088818056,0.088180791,0.087770225,0.087591151,0.087431628,0.087216859,0.086892429,0.086540534,0.086062477,0.085665224,0.085353626,0.085009793,0.08472867,0.084454491,0.084083444,0.083709886,0.083343495,0.083036009,0.082799034,0.082775567,0.082805073,0.082833918,0.082748217,0.082540415,0.082136089,0.081745451,0.08133416,0.081019896,0.080757779,0.080646836,0.080555725,0.080415854,0.080276516,0.080132733,0.079824773,0.07950395
,,,,,,,,,,,,,,,,,,,,,,,,,,,,,,,,,,,,,,,,,,,,,,,,,,,,,,,,,,,,,,,,,,,,,,,,,,,,,,,,,,,,,,,,,,,,,,,,,,,,,,
MM_SRR15959871,R9_Dorado0.4.1_HAC,0,0.848870826,0.697372861,0.561102489,0.444319339,0.365342126,0.306845457,0.262326235,0.227871823,0.20116039,0.179767713,0.162243356,0.148593196,0.137780163,0.129314608,0.122461412,0.116737379,0.111528389,0.106291914,0.100703209,0.095249878,0.090264787,0.085854054,0.082730309,0.080645873,0.079244651,0.078285957,0.077605808,0.076752642,0.075288179,0.073604376,0.071709332,0.069778804,0.068154685,0.066614833,0.065283785,0.064352816,0.06393858,0.063985522,0.064032704,0.06376244,0.063147922,0.062288537,0.061246233,0.060641846,0.060434574,0.06050385,0.060732942,0.060976939,0.060791969,0.060162951,0.059252945,0.058302179,0.05758996,0.057492001,0.058088708,0.059145575,0.060077807,0.06033207,0.05944423,0.057578638,0.055407305,0.053603767,0.052536434,0.052248689,0.05251303,0.052865234,0.052845445,0.05230613,0.05140585,0.050386885,0.049600841,0.049316472,0.049422344,0.049783956,0.050116691,0.050253328,0.050072304,0.049621313,0.049061576,0.048541406,0.048222112,0.04812366,0.048248728,0.048423414,0.048541124,0.048504872,0.048207151,0.047643444,0.046930355,0.046215228,0.045595004,0.045188206,0.04504545,0.045145687,0.045441294,0.045849467,0.046210173,0.046350197,0.046228884,0.045910945
MM_SRR15959871,R9_Dorado0.4.1_SUP,1,0.875092695,0.741644607,0.617872251,0.50765231,0.412460332,0.34717255,0.29703335,0.257231513,0.225685261,0.200725396,0.180499812,0.16453215,0.151589223,0.141189316,0.132320283,0.124847053,0.118173782,0.112290217,0.106770029,0.101756105,0.097043625,0.093024647,0.089710751,0.08728594,0.085305878,0.083629767,0.082082942,0.080542635,0.078865625,0.077284989,0.075631473,0.074230528,0.072938871,0.071814751,0.070691657,0.069882073,0.069325708,0.069033697,0.068634702,0.068020361,0.067220919,0.066352917,0.065332386,0.064641545,0.064135735,0.063746872,0.063433887,0.063197662,0.062787855,0.062243701,0.061625256,0.061029601,0.060506931,0.060417459,0.060590806,0.061103825,0.061641307,0.061839725,0.061337091,0.060120947,0.05858633,0.057190959,0.056106674,0.055533558,0.055361746,0.055420841,0.055292811,0.054978856,0.054440533,0.053857325,0.053309689,0.052999581,0.052874999,0.052994213,0.053215714,0.053469886,0.053570028,0.053544861,0.053303125,0.052999399,0.052656948,0.052456291,0.052359949,0.052313424,0.052202926,0.05210726,0.051898923,0.051547897,0.051047048,0.050564027,0.050068565,0.049697508,0.049466296,0.049399393,0.049506291,0.049735063,0.049875058,0.049913543,0.049742659,0.049418413
,,,,,,,,,,,,,,,,,,,,,,,,,,,,,,,,,,,,,,,,,,,,,,,,,,,,,,,,,,,,,,,,,,,,,,,,,,,,,,,,,,,,,,,,,,,,,,,,,,,,,,
DM_FromKimGoogleDrive,R9_Dorado0.4.1_HAC,0,0.860903641,0.715735883,0.582396614,0.46904563,0.390076266,0.330287303,0.282194138,0.244054146,0.214612027,0.191746045,0.174045073,0.159891884,0.147887606,0.137963403,0.129708784,0.122573091,0.116836789,0.112237358,0.108322243,0.105093237,0.102175903,0.099300089,0.096633568,0.094199531,0.0918512,0.089832013,0.088218623,0.086809973,0.085683976,0.08474169,0.083676733,0.082750238,0.081914136,0.081024546,0.080177425,0.079278473,0.078353047,0.077619402,0.077083783,0.07662685,0.076160034,0.075716226,0.07514388,0.074582205,0.074051371,0.073453719,0.072950132,0.072522441,0.072040233,0.071579312,0.071068584,0.070563114,0.070141571,0.069806651,0.069484651,0.069163717,0.068841931,0.068487823,0.068175682,0.06787666,0.067481386,0.067106205,0.066765073,0.06642712,0.066135028,0.065867206,0.065617933,0.065407223,0.065201264,0.064968838,0.064666184,0.064347272,0.063980541,0.063649196,0.063385044,0.063133309,0.062974215,0.062866008,0.062764177,0.062683859,0.062518072,0.062290504,0.062046898,0.061790217,0.061540741,0.06130273,0.061108264,0.0609591,0.06081382,0.060668244,0.060454859,0.060232854,0.059998291,0.059733788,0.059483505,0.059226967,0.058979935,0.058766932,0.058587495,0.058424398
DM_FromKimGoogleDrive,R9_Dorado0.4.1_SUP,1,0.885327848,0.763170727,0.645832875,0.538458604,0.444851113,0.375539453,0.320484836,0.275960169,0.24046427,0.212343868,0.189991306,0.172172745,0.157626449,0.145837357,0.136086922,0.128053757,0.121466145,0.116118475,0.111583593,0.107766076,0.104322552,0.101161394,0.098273447,0.095704784,0.093304626,0.091237439,0.089478999,0.087967507,0.086659235,0.085521895,0.084373625,0.083351331,0.082406475,0.081496058,0.080607992,0.079728638,0.078843407,0.078094697,0.077433056,0.076829584,0.076217869,0.075659264,0.075068059,0.07453463,0.073999922,0.073464228,0.072956252,0.072495253,0.072014942,0.071562423,0.071087274,0.070647261,0.070255901,0.06992229,0.069583493,0.069255817,0.068886502,0.068513898,0.06815609,0.067805507,0.067377765,0.066989827,0.066633675,0.066300236,0.065985359,0.065712153,0.065425552,0.065185482,0.0649563,0.064721032,0.064416949,0.064124901,0.063809684,0.06352039,0.063246366,0.063012496,0.062811601,0.062648311,0.062492051,0.062359482,0.062156277,0.061934009,0.061708821,0.061491813,0.061252263,0.061042511,0.0608559,0.060695706,0.060540407,0.06040321,0.060195394,0.059976319,0.059746561,0.059523137,0.059296683,0.059083481,0.058870757,0.058679524,0.058482365,0.058283275
,,,,,,,,,,,,,,,,,,,,,,,,,,,,,,,,,,,,,,,,,,,,,,,,,,,,,,,,,,,,,,,,,,,,,,,,,,,,,,,,,,,,,,,,,,,,,,,,,,,,,,
AT_SRR16149191,R9_Dorado0.4.1_HAC,0,0.848027015,0.686160405,0.536788658,0.409426714,0.326072981,0.267096061,0.222445626,0.189329949,0.165096826,0.14678199,0.133252327,0.1230893,0.114646106,0.107654721,0.101541732,0.095889595,0.091122526,0.087109519,0.083598102,0.080624559,0.077891379,0.075135519,0.072667567,0.070627157,0.068848151,0.067462217,0.066357001,0.065306033,0.064401008,0.06354711,0.062651739,0.061882715,0.061186373,0.06040138,0.05964043,0.058914732,0.058164268,0.05751603,0.057037951,0.056516692,0.056068242,0.055618607,0.055106611,0.054718704,0.05442135,0.054112586,0.053826243,0.053521772,0.053154222,0.052762296,0.052326122,0.051785406,0.051236847,0.050714249,0.050188764,0.049698704,0.049238705,0.048758937,0.048294553,0.047843195,0.047381799,0.046983022,0.046684451,0.046453909,0.046291702,0.046152156,0.046003103,0.045880413,0.045769438,0.045632283,0.045466433,0.045258323,0.045015646,0.044778352,0.044595945,0.044459922,0.044360391,0.044291042,0.044211186,0.044120387,0.044015157,0.043897437,0.043813172,0.043757607,0.043702815,0.043639884,0.043550191,0.043402602,0.043248161,0.04305984,0.042837332,0.042609824,0.042363813,0.042097799,0.041855142,0.041630252,0.041417205,0.041221409,0.041048208,0.040876498
AT_SRR16149191,R9_Dorado0.4.1_SUP,1,0.874438971,0.738461764,0.610234577,0.493536807,0.392918217,0.32549906,0.275393536,0.236332393,0.206244584,0.182808155,0.164515463,0.149939051,0.138049323,0.128216245,0.119793222,0.112524898,0.106404447,0.101323841,0.096851358,0.093076571,0.089749819,0.086541824,0.083611621,0.081069723,0.078809239,0.07687427,0.075267456,0.073780081,0.072416578,0.071183379,0.069993519,0.068960053,0.067999187,0.067051471,0.066143224,0.06535061,0.064540311,0.063839668,0.063241917,0.062619646,0.062043251,0.061500475,0.060953559,0.060476984,0.060085729,0.059706743,0.059354246,0.05900345,0.058550413,0.058041773,0.057446086,0.05681126,0.056194169,0.055638252,0.055119343,0.05465288,0.054198297,0.053748952,0.053299158,0.052841062,0.052387265,0.052015978,0.051699451,0.051426308,0.051222237,0.051073066,0.050929927,0.050814759,0.05070084,0.05052806,0.050328536,0.050132262,0.049911162,0.04970445,0.049542704,0.049413422,0.049304872,0.049203407,0.049064686,0.048919001,0.048763279,0.048607154,0.048473971,0.048382621,0.048297866,0.048231027,0.04814995,0.048031377,0.047889117,0.047720496,0.047514082,0.047308537,0.047103901,0.046891731,0.046691291,0.046483323,0.046255828,0.046028515,0.045793802,0.045566836
,,,,,,,,,,,,,,,,,,,,,,,,,,,,,,,,,,,,,,,,,,,,,,,,,,,,,,,,,,,,,,,,,,,,,,,,,,,,,,,,,,,,,,,,,,,,,,,,,,,,,,
SCW303,R9_Dorado0.4.1_HAC,0,0.848854576,0.69313864,0.550474531,0.430104368,0.350366281,0.292268636,0.246679076,0.211685593,0.185025007,0.163894498,0.147479999,0.134381105,0.122972069,0.11338144,0.105319161,0.098077545,0.091973754,0.086948871,0.082398588,0.078486611,0.07524419,0.072258044,0.069688637,0.067560868,0.065410533,0.063624629,0.062203564,0.060830022,0.059659094,0.058623153,0.057446549,0.056440721,0.055641591,0.054803457,0.054096594,0.053453918,0.052612191,0.051847513,0.0511959,0.050454271,0.049857584,0.049397531,0.048846969,0.048409636,0.047998676,0.047495745,0.047118546,0.046849537,0.046505535,0.046274458,0.046101578,0.04573562,0.045348182,0.044979065,0.044521099,0.044165514,0.043932953,0.043642286,0.043468419,0.04330124,0.042929829,0.042568572,0.042244347,0.041845814,0.041473706,0.041187552,0.040883531,0.040675893,0.040584819,0.040473727,0.040385631,0.040288245,0.040056962,0.039846859,0.039697367,0.039521519,0.039405533,0.039337462,0.039216948,0.03910774,0.039010901,0.038807787,0.038625277,0.038489444,0.038309994,0.038216464,0.038184821,0.038131189,0.038128847,0.038149641,0.038077872,0.037989301,0.037874352,0.037652552,0.037426198,0.037206409,0.036980956,0.036856902,0.036779352,0.036668961
SCW303,R9_Dorado0.4.1_SUP,1,0.877977435,0.747417984,0.62278884,0.509462409,0.412005232,0.345889257,0.295515694,0.255425445,0.223571619,0.197874104,0.177209979,0.160331974,0.146020411,0.134102593,0.124036617,0.115277265,0.10791596,0.101826452,0.096432993,0.091887093,0.088054552,0.084579674,0.081522534,0.078837272,0.076245665,0.073991101,0.072043444,0.070210137,0.068662497,0.067366052,0.066038815,0.064915707,0.063966753,0.062945858,0.062052716,0.06123074,0.060278688,0.059423479,0.058635952,0.057772231,0.057073298,0.056467879,0.055728037,0.055103424,0.054567352,0.053971711,0.053473933,0.053104877,0.052612482,0.052199429,0.051818163,0.051337018,0.050883804,0.050490007,0.049972907,0.049523732,0.049155909,0.048740888,0.048388491,0.048108405,0.04770389,0.047281744,0.046889045,0.046418992,0.046003522,0.045689613,0.045375558,0.045164148,0.045026687,0.044885134,0.04480752,0.044740678,0.044537783,0.044367849,0.044229803,0.044009311,0.043812612,0.043654765,0.043446277,0.043283032,0.043161572,0.042952359,0.042737101,0.04252676,0.042261909,0.042059808,0.041932375,0.0417772,0.041719231,0.04173413,0.041693918,0.04165372,0.041591091,0.041402837,0.041197691,0.041005901,0.040778182,0.040602069,0.040469403,0.040318525
,,,,,,,,,,,,,,,,,,,,,,,,,,,,,,,,,,,,,,,,,,,,,,,,,,,,,,,,,,,,,,,,,,,,,,,,,,,,,,,,,,,,,,,,,,,,,,,,,,,,,,
EC_Zendo,R9_Dorado0.4.1_HAC,0,0.855816983,0.708383791,0.571464394,0.4505675,0.371124867,0.311043121,0.262794938,0.225344672,0.196683179,0.17364454,0.155863038,0.141787955,0.129405337,0.119166348,0.110461104,0.102474498,0.0961297,0.090948478,0.086164759,0.082420232,0.079199922,0.075626767,0.07242288,0.069266253,0.065638726,0.062612742,0.060130175,0.057730917,0.056115727,0.055021725,0.053691813,0.052651228,0.05170679,0.050350974,0.04917414,0.048121794,0.046707979,0.045534069,0.044568821,0.04343187,0.042607642,0.042004005,0.041164491,0.040494886,0.039778375,0.038611976,0.037515774,0.036585522,0.035610337,0.035069142,0.034880654,0.034567324,0.034218774,0.033875176,0.033244036,0.032647363,0.032182798,0.03156723,0.031136057,0.030858279,0.030414353,0.030114927,0.029962449,0.029700309,0.029571007,0.029549346,0.029358477,0.029194352,0.029015222,0.028595331,0.028283225,0.028055834,0.02768257,0.027442963,0.027329999,0.027080345,0.026918231,0.026784195,0.026467043,0.026230715,0.026075715,0.025784379,0.025623083,0.025560384,0.025425347,0.025459403,0.025603793,0.025602894,0.025630271,0.025646718,0.025481965,0.025369153,0.025297166,0.025082185,0.024950847,0.024885363,0.024752096,0.024705136,0.024699538,0.024602124
EC_Zendo,R9_Dorado0.4.1_SUP,1,0.889887508,0.767042824,0.646125375,0.53303458,0.43316625,0.370453249,0.321725632,0.282879932,0.251720118,0.226187741,0.205193509,0.187591833,0.172299957,0.159248001,0.148070464,0.138231041,0.129897815,0.122865043,0.116622764,0.111077164,0.106013008,0.101000261,0.096255485,0.091668079,0.087091673,0.08283634,0.079151996,0.075832185,0.073122986,0.070956681,0.068923345,0.067086557,0.065367242,0.06350383,0.061677306,0.059989925,0.058251798,0.056737036,0.055402557,0.054100783,0.05292618,0.051945439,0.050931405,0.04998191,0.048963425,0.047827642,0.04674536,0.045758322,0.044752542,0.043979627,0.043459574,0.042946823,0.042469569,0.042068106,0.041599028,0.041157594,0.040734642,0.040273422,0.039847407,0.039438991,0.039011295,0.038724987,0.038510264,0.038197731,0.038014305,0.037904039,0.037639119,0.037367713,0.037071642,0.036643391,0.036255779,0.035931522,0.035571526,0.035281416,0.035050875,0.034782111,0.034568013,0.034378232,0.034119321,0.033902885,0.033711139,0.033457147,0.033274376,0.033142419,0.032973938,0.03288812,0.032816238,0.032631136,0.032459046,0.032279291,0.032003726,0.031772468,0.031545801,0.031265993,0.031039402,0.030865755,0.030624118,0.030448642,0.030308315,0.030103434
,,,,,,,,,,,,,,,,,,,,,,,,,,,,,,,,,,,,,,,,,,,,,,,,,,,,,,,,,,,,,,,,,,,,,,,,,,,,,,,,,,,,,,,,,,,,,,,,,,,,,,
HG004,R10_Dorado0.4.1_HAC,0,0.852181138,0.763525752,0.678006293,0.602108207,0.548912839,0.501218575,0.456557949,0.416400865,0.380068315,0.34735635,0.317106555,0.290046759,0.266131365,0.245284802,0.227358615,0.211391171,0.197641436,0.185908268,0.176049681,0.167770639,0.160351494,0.154194066,0.149164223,0.145074965,0.141646335,0.138249717,0.135316493,0.132870066,0.131019729,0.12939981,0.127411505,0.125807706,0.124459617,0.123478917,0.122679695,0.12141579,0.120375194,0.119604565,0.119126544,0.118655963,0.117622213,0.116704994,0.115949057,0.115461943,0.115166796,0.114362825,0.113669463,0.113156371,0.112778713,0.112392774,0.111506017,0.110783407,0.110237388,0.110037854,0.109813291,0.109178249,0.108520403,0.108058965,0.107887818,0.10781359,0.107305385,0.106921956,0.106585475,0.106384493,0.106214258,0.105509068,0.104959767,0.104550303,0.104332741,0.104059326,0.103374252,0.102836996,0.102535802,0.102491009,0.102557932,0.102067906,0.101709483,0.101511385,0.101451531,0.101391332,0.100825502,0.100324757,0.100011161,0.099896913,0.099749743,0.099110593,0.098547683,0.09817431,0.097955608,0.097824242,0.097291871,0.096819692,0.09650383,0.096335847,0.096184708,0.095609063,0.095136054,0.09485821,0.094734353,0.094675524
HG004,R10_Dorado0.4.1_SUP,1,0.829653804,0.760702254,0.691972437,0.623833809,0.561123962,0.514674105,0.474288133,0.437668057,0.404657488,0.375360641,0.348042963,0.323851312,0.302467773,0.283836315,0.267713844,0.252979928,0.240071745,0.229101916,0.219823738,0.212022972,0.204578234,0.198355915,0.193216131,0.188947545,0.185405487,0.181677686,0.178470801,0.175812477,0.173677341,0.171869188,0.169526902,0.16762821,0.166131575,0.165000538,0.164165839,0.162751518,0.161469896,0.160565125,0.159975305,0.159461497,0.158191716,0.157176463,0.156410862,0.155948079,0.155709379,0.154739008,0.153901922,0.153418642,0.153083093,0.152837709,0.151893665,0.151116733,0.150557105,0.150311705,0.150140063,0.149254595,0.148465476,0.147972452,0.147750729,0.147653722,0.146855629,0.146287972,0.145906032,0.145707121,0.145635185,0.1448315,0.144184165,0.143771408,0.143595368,0.143503923,0.142720981,0.142176941,0.141830694,0.141807926,0.141959051,0.141254653,0.140769767,0.140490614,0.140380037,0.140337022,0.139548265,0.138907104,0.138522379,0.138399604,0.138332868,0.13755333,0.136969123,0.136634399,0.136508301,0.136535565,0.135841997,0.135233689,0.134873279,0.134728686,0.134626542,0.133852009,0.133197266,0.132839945,0.13267268,0.132637168
,,,,,,,,,,,,,,,,,,,,,,,,,,,,,,,,,,,,,,,,,,,,,,,,,,,,,,,,,,,,,,,,,,,,,,,,,,,,,,,,,,,,,,,,,,,,,,,,,,,,,,
HG002_5kHz,R10_Dorado0.4.1_HAC,0,0.849242475,0.776631374,0.705215884,0.639345694,0.591959315,0.548744367,0.507951934,0.471070645,0.437653346,0.407750975,0.380396039,0.356125099,0.334546318,0.315566609,0.299067714,0.284408717,0.271743052,0.260837495,0.251494023,0.243640251,0.236569903,0.230617281,0.225605041,0.221375255,0.217788225,0.214338085,0.211311713,0.208670439,0.206475667,0.20455465,0.20241881,0.200664937,0.199141529,0.197840806,0.196787184,0.195395336,0.194154747,0.193145497,0.192315875,0.191523906,0.190315077,0.189261641,0.188340526,0.18765461,0.187141639,0.186261583,0.185524579,0.184906889,0.184384999,0.183845679,0.182957731,0.182202388,0.181554132,0.181134968,0.180677936,0.179895401,0.179126975,0.178479374,0.178011423,0.177639035,0.176939705,0.17642299,0.175954428,0.175539358,0.175204232,0.174490038,0.173910247,0.173399644,0.172983406,0.172590677,0.171874829,0.171317687,0.170894212,0.170610475,0.170483616,0.169918967,0.16946809,0.169105138,0.168786475,0.16852307,0.167867674,0.16727532,0.166796146,0.166451387,0.166168183,0.165501786,0.164939783,0.164475849,0.164102792,0.163835906,0.163242708,0.162735625,0.162320334,0.161967716,0.161632609,0.16094988,0.160400476,0.159991057,0.159647063,0.159395453
HG002_5kHz,R10_Dorado0.4.1_SUP,1,0.831643221,0.774652861,0.716442747,0.659062661,0.605592777,0.566090179,0.531687425,0.500371699,0.472039609,0.446741468,0.423906193,0.403743623,0.385793971,0.369877233,0.355936595,0.343641151,0.332789208,0.32333797,0.315028689,0.307888592,0.301470183,0.295990332,0.291195976,0.286914732,0.283148403,0.279728979,0.276666523,0.273871061,0.27133382,0.269001287,0.26670733,0.264757386,0.262916817,0.261146433,0.259675478,0.258192871,0.256792617,0.255512072,0.254299263,0.253145187,0.251880932,0.250817536,0.249731388,0.248665562,0.247809955,0.246833898,0.2459609,0.24514065,0.244294618,0.243486975,0.242592435,0.241817876,0.241002382,0.240259506,0.239565324,0.238763992,0.237987023,0.237267543,0.236555738,0.235961404,0.235270257,0.234728139,0.234106551,0.233473061,0.232917191,0.232200737,0.231565221,0.230939552,0.230295039,0.229701299,0.229041384,0.228519463,0.227963054,0.227453286,0.227064682,0.226447653,0.2259791,0.225489049,0.224913635,0.224428676,0.223783241,0.223221523,0.222621502,0.222079928,0.221580106,0.220956092,0.220448888,0.219951668,0.219383251,0.218950912,0.218378041,0.217863224,0.217310061,0.216746109,0.21623679,0.215594616,0.215035003,0.214491291,0.213884806,0.213425906
,,,,,,,,,,,,,,,,,,,,,,,,,,,,,,,,,,,,,,,,,,,,,,,,,,,,,,,,,,,,,,,,,,,,,,,,,,,,,,,,,,,,,,,,,,,,,,,,,,,,,,
DR_VGP,R10_Dorado0.4.1_HAC,0,0.863824242,0.780988673,0.699761179,0.626282908,0.572238364,0.523488401,0.476983873,0.434474815,0.395581631,0.360196013,0.32777897,0.298208753,0.27132694,0.247678746,0.226968912,0.209387877,0.19430111,0.181450149,0.170318645,0.160843339,0.15260924,0.145559788,0.139444477,0.134330021,0.129882297,0.126290306,0.123324856,0.120974335,0.118794755,0.116855427,0.115031781,0.113468694,0.111839777,0.110277252,0.108742726,0.107371467,0.106092083,0.105110332,0.104298055,0.103592575,0.102851045,0.102091147,0.10124369,0.100587963,0.099884313,0.099188531,0.098436656,0.097654982,0.096863176,0.096326756,0.095815769,0.095309282,0.09464746,0.093923551,0.093213123,0.0927012,0.092273872,0.091905769,0.091416747,0.090892314,0.090227642,0.089635688,0.089035609,0.088494092,0.087902583,0.087443941,0.086937592,0.086457917,0.085979083,0.085570446,0.08525277,0.085011517,0.084677218,0.08429026,0.083856964,0.083432633,0.083024017,0.082757576,0.082421454,0.082100315,0.08167431,0.08124795,0.080814058,0.080447825,0.080063062,0.079716922,0.079396049,0.079207472,0.079090505,0.079064034,0.079011631,0.07881181,0.078222227,0.077567514,0.07692051,0.07639752,0.07593728,0.07556724,0.075239183,0.075036779
DR_VGP,R10_Dorado0.4.1_SUP,1,0.839445515,0.773551986,0.705821461,0.637837513,0.573595748,0.52481021,0.480961743,0.440532855,0.403095577,0.369272705,0.338256984,0.310418642,0.28500354,0.262697894,0.242873538,0.225747241,0.210648347,0.197793,0.186485254,0.176848614,0.168185797,0.160781397,0.154321463,0.14896358,0.14412513,0.14021385,0.136775806,0.133929605,0.131254484,0.129054735,0.127000851,0.125221477,0.123370249,0.121724591,0.120121328,0.118783855,0.117398089,0.116294334,0.11528168,0.114469009,0.113546732,0.112791856,0.112009272,0.111357456,0.110594371,0.109921578,0.109166357,0.108486675,0.107698186,0.107073672,0.106416901,0.105880393,0.105205757,0.10461893,0.103978185,0.10351251,0.102987562,0.102548585,0.102059026,0.101637944,0.101041392,0.100515215,0.100007548,0.099639205,0.099160155,0.098786969,0.098328022,0.097932908,0.097485659,0.097176755,0.096841314,0.096598623,0.096247887,0.095905249,0.095495396,0.09519011,0.094798371,0.094485647,0.094124367,0.093806399,0.093376212,0.093010685,0.092644225,0.092363639,0.092011566,0.091758592,0.091525004,0.091420255,0.091257833,0.091163356,0.091000589,0.090793755,0.09026076,0.089691029,0.089069035,0.088529842,0.087952149,0.087516271,0.087118083,0.086838668
,,,,,,,,,,,,,,,,,,,,,,,,,,,,,,,,,,,,,,,,,,,,,,,,,,,,,,,,,,,,,,,,,,,,,,,,,,,,,,,,,,,,,,,,,,,,,,,,,,,,,,
DM_ontopen,R10_Dorado0.4.1_HAC,0,0.883037808,0.776274753,0.675538923,0.590402409,0.53625063,0.487230937,0.439461818,0.395951509,0.356654488,0.320486415,0.286907114,0.255684111,0.227103531,0.201886322,0.180158452,0.161443885,0.145456909,0.131811301,0.120010165,0.110000852,0.101356749,0.093685344,0.087005735,0.081227047,0.076097216,0.071748719,0.0682149,0.065214613,0.062749772,0.060692858,0.058689888,0.056950768,0.055390737,0.053907561,0.052555206,0.051270486,0.050029591,0.049031645,0.048303386,0.047692306,0.047082409,0.04649838,0.045798426,0.04511623,0.044533774,0.043890815,0.043340114,0.042883188,0.042372572,0.041892809,0.041374844,0.040843868,0.040396222,0.040032844,0.039609822,0.039228243,0.03885204,0.038487991,0.038197257,0.037980599,0.037652753,0.037313068,0.036958014,0.0365302,0.036136504,0.035838409,0.035591631,0.035442909,0.035363819,0.035236438,0.03500252,0.034726203,0.034336251,0.033965484,0.033625041,0.033285662,0.033066084,0.032943564,0.032841106,0.032794525,0.032640597,0.032399984,0.03213469,0.031848467,0.031549696,0.031289575,0.03110857,0.03098341,0.030905517,0.030877234,0.030757601,0.030616243,0.030498124,0.03031815,0.03013154,0.029926338,0.029674896,0.02949327,0.029354173,0.029210137
DM_ontopen,R10_Dorado0.4.1_SUP,1,0.898267578,0.803391525,0.711531548,0.623396632,0.547361514,0.500260196,0.46098033,0.424708487,0.391388231,0.360687029,0.332294364,0.305970962,0.281885075,0.260585966,0.242004829,0.226086504,0.212677609,0.201501705,0.191968008,0.183926142,0.176899407,0.170541593,0.164864917,0.159829604,0.155269911,0.151425216,0.148229856,0.145538631,0.143317017,0.141500462,0.139695259,0.13809442,0.136613379,0.135118962,0.133682775,0.132358952,0.13109883,0.130077367,0.129271282,0.12858799,0.127957782,0.127370172,0.126611163,0.125868898,0.125166348,0.124436104,0.123775278,0.123239903,0.122665528,0.122101844,0.121517878,0.120921346,0.120417658,0.119984924,0.119510601,0.119117221,0.118667266,0.11821523,0.117849853,0.117524787,0.117077634,0.116682924,0.116260868,0.115729631,0.115234391,0.114893703,0.114586139,0.114425728,0.1143539,0.114237654,0.11393336,0.113553975,0.113051549,0.11254712,0.112052867,0.111639581,0.11137315,0.111192168,0.111048594,0.110989307,0.110790439,0.11047664,0.110117393,0.109731508,0.109203745,0.108728978,0.108364304,0.108078658,0.107893215,0.107808756,0.107649676,0.107436108,0.10717684,0.1068537,0.106515628,0.106188797,0.105843802,0.105568779,0.105333874,0.105100252
,,,,,,,,,,,,,,,,,,,,,,,,,,,,,,,,,,,,,,,,,,,,,,,,,,,,,,,,,,,,,,,,,,,,,,,,,,,,,,,,,,,,,,,,,,,,,,,,,,,,,,
AT_ERR7919757,R10_Dorado0.4.1_HAC,0,0.890244399,0.795809914,0.705075444,0.625986855,0.571034667,0.52234726,0.475913205,0.433531255,0.394758084,0.358905665,0.325944341,0.29600471,0.26901102,0.24537231,0.225154224,0.207850717,0.193156412,0.180771866,0.170048292,0.160832381,0.152791422,0.145559989,0.139258889,0.133798886,0.129122071,0.12539435,0.122384834,0.119852014,0.117826865,0.116150949,0.114407754,0.112482652,0.110710392,0.108839721,0.106994869,0.1054117,0.103849689,0.102688124,0.101900341,0.101240881,0.100649707,0.09981561,0.098773039,0.09764546,0.096507762,0.095419007,0.094377786,0.093469258,0.092735922,0.092035576,0.091411926,0.090750923,0.090055614,0.089351472,0.0885819,0.087859177,0.087194781,0.086465431,0.085899722,0.085353126,0.0847498,0.084213102,0.083544057,0.082821734,0.082206492,0.08158994,0.081068322,0.08073538,0.080531523,0.080394169,0.080300994,0.080129265,0.079731915,0.079290316,0.078926608,0.078543399,0.078201297,0.077870146,0.077687409,0.077676525,0.07770405,0.077819634,0.077888603,0.077819031,0.077738041,0.07753496,0.07733511,0.077107859,0.076859842,0.076653284,0.076355989,0.076022265,0.075606485,0.075015844,0.0744601,0.0738378,0.073240892,0.072834722,0.072477218,0.072201878
AT_ERR7919757,R10_Dorado0.4.1_SUP,1,0.909009689,0.838078084,0.765573494,0.69406181,0.629228497,0.582212601,0.5408792,0.502018547,0.465971279,0.432541824,0.401746927,0.373614607,0.348114603,0.325585353,0.305783001,0.288558164,0.273770308,0.261036679,0.249895309,0.240244057,0.231753869,0.224166336,0.217567944,0.211913552,0.20691588,0.20269088,0.199193002,0.196165283,0.193586289,0.191341488,0.189238884,0.187196167,0.185223602,0.183327446,0.181485047,0.179890504,0.178459409,0.177309725,0.176379508,0.175582496,0.174846808,0.174053141,0.173067487,0.172090123,0.171038064,0.169946304,0.168856853,0.167940903,0.167072855,0.16619844,0.165469493,0.164783589,0.164108553,0.163427823,0.162713194,0.162052292,0.161385341,0.160726528,0.160112699,0.159513365,0.158887286,0.158240798,0.157581636,0.156902134,0.156289238,0.155731704,0.155236086,0.154852062,0.154531531,0.154245583,0.153980613,0.153735919,0.153413963,0.153051091,0.152720195,0.152363758,0.152007569,0.151730467,0.15151973,0.15137654,0.151255871,0.15117159,0.151122052,0.151057236,0.150993912,0.150874322,0.15069022,0.150480572,0.150191026,0.149884961,0.149468617,0.149025934,0.148466576,0.147841348,0.147257347,0.146670108,0.146112859,0.145639363,0.145167553,0.144717544
,,,,,,,,,,,,,,,,,,,,,,,,,,,,,,,,,,,,,,,,,,,,,,,,,,,,,,,,,,,,,,,,,,,,,,,,,,,,,,,,,,,,,,,,,,,,,,,,,,,,,,
EC_ERR9127552,R10_Dorado0.4.1_HAC,0,0.895314354,0.792708385,0.693117186,0.604448642,0.546101971,0.491901661,0.439780567,0.392776424,0.350628145,0.312059779,0.277329613,0.246125855,0.218022569,0.193579722,0.172624148,0.154532662,0.139271838,0.126426818,0.115282685,0.105991153,0.098271494,0.09146644,0.085857256,0.081192053,0.076867819,0.073255638,0.070288205,0.067615043,0.065458453,0.063748167,0.061999678,0.06055025,0.059361764,0.05802855,0.056911817,0.055964922,0.054919542,0.054123322,0.053556468,0.052884112,0.052351652,0.052041222,0.051557889,0.051130745,0.050744131,0.050075214,0.049482317,0.04897426,0.048317004,0.047830651,0.047513746,0.047133911,0.046886353,0.046643933,0.046214523,0.045815203,0.045438936,0.044897859,0.044450752,0.044115507,0.043682929,0.043360963,0.043137962,0.042748096,0.042438471,0.042205885,0.041808627,0.041496893,0.041226475,0.040806479,0.040470189,0.040201785,0.039903722,0.039711199,0.03964735,0.039481264,0.039395292,0.039333788,0.039113868,0.038917544,0.038789988,0.038524935,0.03831168,0.038161346,0.0379256,0.037788558,0.037714621,0.037541331,0.037375852,0.037211917,0.036931542,0.036715447,0.036532776,0.036289878,0.036149418,0.036083273,0.035992315,0.03591752,0.035814615,0.035576231
EC_ERR9127552,R10_Dorado0.4.1_SUP,1,0.908066268,0.844414886,0.777520614,0.708507563,0.643275119,0.594046624,0.548263101,0.505252712,0.466139183,0.430318214,0.397797938,0.368464377,0.341843587,0.318189124,0.297391677,0.278880898,0.262779179,0.248866681,0.236599707,0.226011832,0.21696306,0.208898547,0.202001999,0.196099488,0.190735632,0.186126942,0.182131958,0.178356849,0.175127342,0.172352052,0.16961091,0.167269414,0.165221648,0.163161156,0.161343596,0.159828453,0.158284161,0.156972977,0.155865798,0.154683713,0.153719717,0.152910415,0.151996191,0.151165734,0.150368361,0.149382332,0.148454239,0.147610853,0.146645529,0.145809485,0.145117961,0.144293753,0.143572144,0.142974763,0.142239315,0.141555416,0.140906585,0.140103573,0.139375555,0.138746571,0.137992308,0.137333529,0.136752388,0.136014254,0.135354884,0.134755403,0.134041355,0.133416999,0.132900165,0.132263285,0.13169869,0.13121217,0.1306262,0.130133215,0.129735409,0.129249868,0.128828685,0.128481922,0.127993488,0.127589258,0.127219637,0.126694348,0.126227945,0.125805859,0.125270603,0.124796435,0.124365473,0.123818339,0.12331141,0.122875443,0.122312791,0.121804355,0.121353836,0.120834192,0.120445591,0.12015115,0.11978197,0.119475886,0.119214923,0.118766063
